season,TEAM_ID,TEAM_ABBREVIATION,TEAM_NAME,avg_players_used_post_asg,avg_players_used_pre_asg,avg_unique_lineups_post_asg,avg_unique_lineups_pre_asg,max_lineups_in_game_post_asg,max_lineups_in_game_pre_asg,players_used_change,lineups_used_change
2020-21,1610612737,ATL,Atlanta Hawks,10.916666666666666,10.761904761904763,13.875,16.666666666666668,19.0,22.0,0.15476190476190332,-2.791666666666668
2020-21,1610612738,BOS,Boston Celtics,11.409090909090908,10.96,16.272727272727273,16.84,20.0,22.0,0.44909090909090743,-0.5672727272727265
2020-21,1610612739,CLE,Cleveland Cavaliers,10.391304347826088,10.217391304347826,14.173913043478262,14.869565217391305,19.0,20.0,0.17391304347826164,-0.695652173913043
2020-21,1610612740,NOP,New Orleans Pelicans,10.227272727272727,10.423076923076923,13.772727272727273,12.884615384615385,19.0,18.0,-0.19580419580419672,0.8881118881118883
2020-21,1610612741,CHI,Chicago Bulls,11.083333333333334,10.15,15.75,17.25,21.0,24.0,0.9333333333333336,-1.5
2020-21,1610612742,DAL,Dallas Mavericks,10.875,11.05,15.375,15.9,20.0,22.0,-0.1750000000000007,-0.5250000000000004
2020-21,1610612743,DEN,Denver Nuggets,11.0,11.523809523809524,12.521739130434783,13.952380952380953,16.0,20.0,-0.5238095238095237,-1.4306418219461694
2020-21,1610612744,GSW,Golden State Warriors,10.695652173913043,11.083333333333334,14.652173913043478,13.708333333333334,20.0,21.0,-0.3876811594202909,0.9438405797101446
2020-21,1610612745,HOU,Houston Rockets,9.555555555555555,10.105263157894736,12.851851851851851,14.368421052631579,16.0,22.0,-0.5497076023391809,-1.5165692007797276
2020-21,1610612746,LAC,LA Clippers,11.090909090909092,10.904761904761905,15.772727272727273,14.80952380952381,20.0,19.0,0.18614718614718662,0.9632034632034632
2020-21,1610612747,LAL,Los Angeles Lakers,11.16,11.0,14.76,14.363636363636363,18.0,23.0,0.16000000000000014,0.3963636363636365
2020-21,1610612748,MIA,Miami Heat,10.5,9.904761904761905,14.590909090909092,14.80952380952381,19.0,19.0,0.5952380952380949,-0.21861471861471848
2020-21,1610612749,MIL,Milwaukee Bucks,10.84,10.857142857142858,18.8,18.523809523809526,26.0,26.0,-0.017142857142857792,0.2761904761904752
2020-21,1610612750,MIN,Minnesota Timberwolves,10.695652173913043,11.041666666666666,15.434782608695652,15.666666666666666,19.0,21.0,-0.34601449275362306,-0.23188405797101375
2020-21,1610612751,BKN,Brooklyn Nets,10.434782608695652,10.25,16.304347826086957,13.75,20.0,20.0,0.18478260869565233,2.554347826086957
2020-21,1610612752,NYK,New York Knicks,10.666666666666666,10.714285714285714,11.916666666666666,11.428571428571429,16.0,16.0,-0.04761904761904745,0.48809523809523725
2020-21,1610612753,ORL,Orlando Magic,10.047619047619047,10.1,13.095238095238095,12.4,21.0,16.0,-0.052380952380952195,0.6952380952380945
2020-21,1610612754,IND,Indiana Pacers,10.76923076923077,9.947368421052632,13.26923076923077,12.578947368421053,18.0,16.0,0.8218623481781382,0.690283400809717
2020-21,1610612755,PHI,Philadelphia 76ers,12.0,10.714285714285714,15.304347826086957,14.80952380952381,20.0,22.0,1.2857142857142865,0.4948240165631468
2020-21,1610612756,PHX,Phoenix Suns,11.04,11.521739130434783,13.72,14.652173913043478,20.0,20.0,-0.481739130434784,-0.9321739130434779
2020-21,1610612757,POR,Portland Trail Blazers,10.32,9.619047619047619,13.36,13.0,19.0,17.0,0.7009523809523817,0.35999999999999943
2020-21,1610612758,SAC,Sacramento Kings,10.304347826086957,9.8,14.782608695652174,13.0,20.0,20.0,0.5043478260869563,1.7826086956521738
2020-21,1610612759,SAS,San Antonio Spurs,11.5,10.894736842105264,15.791666666666666,15.263157894736842,21.0,18.0,0.6052631578947363,0.5285087719298236
2020-21,1610612760,OKC,Oklahoma City Thunder,9.833333333333334,10.0,13.166666666666666,12.565217391304348,18.0,18.0,-0.16666666666666607,0.6014492753623184
2020-21,1610612761,TOR,Toronto Raptors,9.76,11.045454545454545,13.52,15.863636363636363,20.0,19.0,-1.2854545454545452,-2.3436363636363637
2020-21,1610612762,UTA,Utah Jazz,11.461538461538462,11.333333333333334,10.76923076923077,11.666666666666666,16.0,19.0,0.12820512820512775,-0.897435897435896
2020-21,1610612763,MEM,Memphis Grizzlies,10.925925925925926,10.157894736842104,14.37037037037037,16.63157894736842,20.0,20.0,0.7680311890838212,-2.261208576998051
2020-21,1610612764,WAS,Washington Wizards,10.923076923076923,11.238095238095237,17.46153846153846,17.095238095238095,25.0,23.0,-0.3150183150183139,0.366300366300365
2020-21,1610612765,DET,Detroit Pistons,10.8,10.772727272727273,13.8,13.727272727272727,19.0,19.0,0.027272727272727337,0.07272727272727408
2020-21,1610612766,CHA,Charlotte Hornets,11.0,9.578947368421053,17.23076923076923,17.0,21.0,22.0,1.421052631578947,0.23076923076922995
2021-22,1610612737,ATL,Atlanta Hawks,9.833333333333334,11.041666666666666,13.833333333333334,12.854166666666666,16.0,20.0,-1.2083333333333321,0.9791666666666679
2021-22,1610612738,BOS,Boston Celtics,10.666666666666666,10.844444444444445,13.444444444444445,14.311111111111112,17.0,20.0,-0.17777777777777892,-0.8666666666666671
2021-22,1610612739,CLE,Cleveland Cavaliers,11.0,10.361702127659575,16.46153846153846,15.680851063829786,21.0,24.0,0.6382978723404253,0.7806873977086735
2021-22,1610612740,NOP,New Orleans Pelicans,11.083333333333334,10.695652173913043,14.583333333333334,15.521739130434783,19.0,23.0,0.3876811594202909,-0.9384057971014492
2021-22,1610612741,CHI,Chicago Bulls,10.0,10.458333333333334,13.875,15.3125,19.0,21.0,-0.4583333333333339,-1.4375
2021-22,1610612742,DAL,Dallas Mavericks,11.0,11.520833333333334,14.272727272727273,16.854166666666668,18.0,26.0,-0.5208333333333339,-2.5814393939393945
2021-22,1610612743,DEN,Denver Nuggets,10.866666666666667,11.10204081632653,13.333333333333334,13.081632653061224,17.0,25.0,-0.23537414965986336,0.25170068027211023
2021-22,1610612744,GSW,Golden State Warriors,10.384615384615385,11.625,16.923076923076923,17.166666666666668,21.0,26.0,-1.240384615384615,-0.2435897435897445
2021-22,1610612745,HOU,Houston Rockets,10.384615384615385,10.98,11.076923076923077,14.92,17.0,22.0,-0.5953846153846154,-3.8430769230769233
2021-22,1610612746,LAC,LA Clippers,10.2,10.62,12.4,15.1,15.0,21.0,-0.41999999999999993,-2.6999999999999993
2021-22,1610612747,LAL,Los Angeles Lakers,10.142857142857142,10.1875,16.857142857142858,17.5625,24.0,25.0,-0.04464285714285765,-0.7053571428571423
2021-22,1610612748,MIA,Miami Heat,10.555555555555555,10.0,11.0,14.369565217391305,13.0,21.0,0.5555555555555554,-3.3695652173913047
2021-22,1610612749,MIL,Milwaukee Bucks,10.357142857142858,10.666666666666666,19.785714285714285,20.041666666666668,26.0,30.0,-0.3095238095238084,-0.25595238095238315
2021-22,1610612750,MIN,Minnesota Timberwolves,11.6875,11.347826086956522,16.5,16.608695652173914,21.0,22.0,0.3396739130434785,-0.10869565217391397
2021-22,1610612751,BKN,Brooklyn Nets,10.0,10.75,15.272727272727273,15.568181818181818,19.0,23.0,-0.75,-0.29545454545454497
2021-22,1610612752,NYK,New York Knicks,9.363636363636363,10.58695652173913,13.363636363636363,12.478260869565217,16.0,17.0,-1.2233201581027675,0.8853754940711465
2021-22,1610612753,ORL,Orlando Magic,10.11111111111111,10.224489795918368,12.0,14.673469387755102,14.0,22.0,-0.1133786848072571,-2.6734693877551017
2021-22,1610612754,IND,Indiana Pacers,9.3,10.63265306122449,17.1,16.857142857142858,21.0,22.0,-1.3326530612244891,0.24285714285714377
2021-22,1610612755,PHI,Philadelphia 76ers,10.071428571428571,10.155555555555555,14.5,14.577777777777778,17.0,25.0,-0.08412698412698383,-0.0777777777777775
2021-22,1610612756,PHX,Phoenix Suns,10.692307692307692,10.4,12.76923076923077,13.622222222222222,18.0,21.0,0.29230769230769127,-0.8529914529914517
2021-22,1610612757,POR,Portland Trail Blazers,10.2,10.571428571428571,14.2,13.387755102040817,17.0,19.0,-0.3714285714285719,0.8122448979591823
2021-22,1610612758,SAC,Sacramento Kings,9.833333333333334,10.44,13.25,14.92,18.0,23.0,-0.6066666666666656,-1.67
2021-22,1610612759,SAS,San Antonio Spurs,10.571428571428571,11.392156862745098,17.571428571428573,17.88235294117647,22.0,25.0,-0.8207282913165272,-0.31092436974789806
2021-22,1610612760,OKC,Oklahoma City Thunder,8.5,11.26086956521739,12.75,17.17391304347826,20.0,25.0,-2.7608695652173907,-4.423913043478262
2021-22,1610612761,TOR,Toronto Raptors,10.7,10.023255813953488,12.4,14.046511627906977,15.0,20.0,0.6767441860465109,-1.6465116279069765
2021-22,1610612762,UTA,Utah Jazz,10.0,10.791666666666666,11.181818181818182,12.395833333333334,18.0,19.0,-0.7916666666666661,-1.2140151515151523
2021-22,1610612763,MEM,Memphis Grizzlies,10.916666666666666,11.46808510638298,14.416666666666666,15.680851063829786,18.0,24.0,-0.5514184397163131,-1.2641843971631204
2021-22,1610612764,WAS,Washington Wizards,10.307692307692308,10.840909090909092,13.923076923076923,15.113636363636363,17.0,21.0,-0.5332167832167833,-1.19055944055944
2021-22,1610612765,DET,Detroit Pistons,9.636363636363637,10.53191489361702,12.727272727272727,14.127659574468085,20.0,20.0,-0.8955512572533841,-1.4003868471953584
2021-22,1610612766,CHA,Charlotte Hornets,11.142857142857142,10.12,16.0,15.28,21.0,21.0,1.0228571428571431,0.7200000000000006
2022-23,1610612737,ATL,Atlanta Hawks,11.2,10.456140350877194,12.5,13.210526315789474,15.0,22.0,0.7438596491228058,-0.7105263157894743
2022-23,1610612738,BOS,Boston Celtics,11.0,10.4,14.0,14.309090909090909,18.0,23.0,0.5999999999999996,-0.30909090909090864
2022-23,1610612739,CLE,Cleveland Cavaliers,10.0,9.982758620689655,14.75,16.362068965517242,18.0,25.0,0.017241379310345195,-1.612068965517242
2022-23,1610612740,NOP,New Orleans Pelicans,10.2,10.436363636363636,13.0,16.90909090909091,15.0,25.0,-0.23636363636363633,-3.90909090909091
2022-23,1610612741,CHI,Chicago Bulls,11.181818181818182,10.178571428571429,12.727272727272727,15.071428571428571,16.0,25.0,1.0032467532467528,-2.3441558441558445
2022-23,1610612742,DAL,Dallas Mavericks,10.6,10.807017543859649,14.4,14.929824561403509,18.0,20.0,-0.20701754385964932,-0.5298245614035082
2022-23,1610612743,DEN,Denver Nuggets,10.875,11.0,10.75,13.267857142857142,15.0,18.0,-0.125,-2.5178571428571423
2022-23,1610612744,GSW,Golden State Warriors,11.125,10.272727272727273,18.875,17.10909090909091,22.0,23.0,0.8522727272727266,1.7659090909090907
2022-23,1610612745,HOU,Houston Rockets,10.0,11.071428571428571,12.0,15.410714285714286,14.0,24.0,-1.0714285714285712,-3.4107142857142865
2022-23,1610612746,LAC,LA Clippers,11.2,10.559322033898304,11.4,14.830508474576272,15.0,20.0,0.6406779661016948,-3.4305084745762713
2022-23,1610612747,LAL,Los Angeles Lakers,10.777777777777779,10.472727272727273,16.444444444444443,17.272727272727273,20.0,27.0,0.3050505050505059,-0.8282828282828305
2022-23,1610612748,MIA,Miami Heat,10.625,9.12280701754386,12.125,12.771929824561404,14.0,21.0,1.5021929824561404,-0.6469298245614041
2022-23,1610612749,MIL,Milwaukee Bucks,11.7,10.943396226415095,20.6,20.79245283018868,26.0,26.0,0.7566037735849047,-0.1924528301886781
2022-23,1610612750,MIN,Minnesota Timberwolves,9.9,10.724137931034482,15.2,16.862068965517242,21.0,26.0,-0.8241379310344819,-1.6620689655172427
2022-23,1610612751,BKN,Brooklyn Nets,11.333333333333334,10.690909090909091,14.666666666666666,16.036363636363635,21.0,22.0,0.6424242424242426,-1.3696969696969692
2022-23,1610612752,NYK,New York Knicks,9.375,10.196428571428571,11.375,12.339285714285714,15.0,20.0,-0.8214285714285712,-0.9642857142857135
2022-23,1610612753,ORL,Orlando Magic,10.777777777777779,10.314814814814815,12.666666666666666,13.74074074074074,16.0,22.0,0.4629629629629637,-1.0740740740740744
2022-23,1610612754,IND,Indiana Pacers,10.0,10.689655172413794,14.88888888888889,15.775862068965518,18.0,23.0,-0.6896551724137936,-0.8869731800766285
2022-23,1610612755,PHI,Philadelphia 76ers,11.0,10.814814814814815,15.1,15.38888888888889,20.0,23.0,0.18518518518518512,-0.28888888888888964
2022-23,1610612756,PHX,Phoenix Suns,11.11111111111111,10.836363636363636,14.666666666666666,15.072727272727272,19.0,22.0,0.27474747474747474,-0.40606060606060623
2022-23,1610612757,POR,Portland Trail Blazers,9.444444444444445,10.018181818181818,13.0,12.745454545454546,15.0,19.0,-0.573737373737373,0.25454545454545396
2022-23,1610612758,SAC,Sacramento Kings,12.3,11.4,13.5,15.745454545454546,17.0,24.0,0.9000000000000004,-2.245454545454546
2022-23,1610612759,SAS,San Antonio Spurs,10.25,11.072727272727272,18.625,20.363636363636363,24.0,30.0,-0.8227272727272723,-1.7386363636363633
2022-23,1610612760,OKC,Oklahoma City Thunder,10.5,11.072727272727272,17.2,18.727272727272727,24.0,27.0,-0.5727272727272723,-1.5272727272727273
2022-23,1610612761,TOR,Toronto Raptors,11.11111111111111,10.0,12.555555555555555,13.25,16.0,18.0,1.1111111111111107,-0.6944444444444446
2022-23,1610612762,UTA,Utah Jazz,10.222222222222221,10.864406779661017,12.666666666666666,14.59322033898305,18.0,20.0,-0.6421845574387959,-1.926553672316384
2022-23,1610612763,MEM,Memphis Grizzlies,10.222222222222221,10.836363636363636,13.666666666666666,15.309090909090909,19.0,21.0,-0.6141414141414145,-1.6424242424242426
2022-23,1610612764,WAS,Washington Wizards,10.0,10.618181818181819,13.7,15.781818181818181,17.0,25.0,-0.618181818181819,-2.081818181818182
2022-23,1610612765,DET,Detroit Pistons,9.272727272727273,10.350877192982455,13.636363636363637,13.631578947368421,16.0,20.0,-1.078149920255182,0.004784688995215447
2022-23,1610612766,CHA,Charlotte Hornets,9.6,10.084745762711865,14.1,13.813559322033898,17.0,21.0,-0.4847457627118654,0.28644067796610173
2023-24,1610612737,ATL,Atlanta Hawks,9.851851851851851,9.690909090909091,13.333333333333334,11.781818181818181,18.0,18.0,0.16094276094275983,1.5515151515151526
2023-24,1610612738,BOS,Boston Celtics,10.615384615384615,10.327272727272728,13.23076923076923,13.654545454545454,21.0,19.0,0.2881118881118869,-0.42377622377622437
2023-24,1610612739,CLE,Cleveland Cavaliers,10.0,10.09433962264151,15.068965517241379,15.622641509433961,24.0,22.0,-0.09433962264150964,-0.5536759921925825
2023-24,1610612740,NOP,New Orleans Pelicans,10.36,10.709090909090909,14.8,17.818181818181817,22.0,26.0,-0.34909090909090956,-3.018181818181816
2023-24,1610612741,CHI,Chicago Bulls,10.461538461538462,10.054545454545455,17.153846153846153,15.763636363636364,21.0,24.0,0.406993006993007,1.3902097902097896
2023-24,1610612742,DAL,Dallas Mavericks,11.692307692307692,11.218181818181819,17.307692307692307,16.818181818181817,24.0,24.0,0.4741258741258729,0.48951048951049003
2023-24,1610612743,DEN,Denver Nuggets,11.56,11.10909090909091,11.96,13.181818181818182,17.0,20.0,0.45090909090909115,-1.2218181818181808
2023-24,1610612744,GSW,Golden State Warriors,11.821428571428571,10.924528301886792,17.0,16.962264150943398,23.0,24.0,0.8969002695417796,0.03773584905660243
2023-24,1610612745,HOU,Houston Rockets,10.925925925925926,10.722222222222221,16.703703703703702,15.425925925925926,21.0,26.0,0.20370370370370416,1.2777777777777768
2023-24,1610612746,LAC,LA Clippers,10.689655172413794,10.377358490566039,13.89655172413793,13.943396226415095,19.0,19.0,0.31229668184775505,-0.04684450227716397
2023-24,1610612747,LAL,Los Angeles Lakers,11.083333333333334,10.339285714285714,13.875,14.107142857142858,17.0,18.0,0.7440476190476204,-0.23214285714285765
2023-24,1610612748,MIA,Miami Heat,10.518518518518519,9.872727272727273,13.555555555555555,12.781818181818181,18.0,19.0,0.645791245791246,0.7737373737373741
2023-24,1610612749,MIL,Milwaukee Bucks,11.0,11.107142857142858,13.923076923076923,15.375,19.0,25.0,-0.10714285714285765,-1.4519230769230766
2023-24,1610612750,MIN,Minnesota Timberwolves,11.037037037037036,10.8,16.48148148148148,16.12727272727273,23.0,21.0,0.2370370370370356,0.3542087542087522
2023-24,1610612751,BKN,Brooklyn Nets,10.592592592592593,10.11111111111111,17.962962962962962,16.25925925925926,26.0,27.0,0.48148148148148273,1.7037037037037024
2023-24,1610612752,NYK,New York Knicks,9.72,10.345454545454546,11.4,11.618181818181819,15.0,17.0,-0.625454545454545,-0.2181818181818187
2023-24,1610612753,ORL,Orlando Magic,12.222222222222221,11.454545454545455,12.814814814814815,14.327272727272728,17.0,27.0,0.7676767676767664,-1.5124579124579132
2023-24,1610612754,IND,Indiana Pacers,11.423076923076923,10.910714285714286,14.692307692307692,15.821428571428571,23.0,24.0,0.5123626373626369,-1.1291208791208796
2023-24,1610612755,PHI,Philadelphia 76ers,10.518518518518519,11.37037037037037,15.185185185185185,14.25925925925926,20.0,23.0,-0.8518518518518512,0.9259259259259256
2023-24,1610612756,PHX,Phoenix Suns,11.115384615384615,10.854545454545455,14.346153846153847,16.072727272727274,22.0,23.0,0.2608391608391596,-1.7265734265734274
2023-24,1610612757,POR,Portland Trail Blazers,9.653846153846153,10.5,13.0,13.88888888888889,19.0,22.0,-0.8461538461538467,-0.8888888888888893
2023-24,1610612758,SAC,Sacramento Kings,11.26923076923077,11.777777777777779,16.153846153846153,15.166666666666666,26.0,24.0,-0.5085470085470085,0.9871794871794872
2023-24,1610612759,SAS,San Antonio Spurs,10.384615384615385,11.327272727272728,15.307692307692308,18.472727272727273,22.0,27.0,-0.942657342657343,-3.1650349650349643
2023-24,1610612760,OKC,Oklahoma City Thunder,11.925925925925926,11.88888888888889,19.037037037037038,18.64814814814815,29.0,27.0,0.03703703703703631,0.3888888888888893
2023-24,1610612761,TOR,Toronto Raptors,10.185185185185185,10.563636363636364,14.407407407407407,15.709090909090909,20.0,23.0,-0.37845117845117926,-1.3016835016835024
2023-24,1610612762,UTA,Utah Jazz,10.461538461538462,11.053571428571429,12.73076923076923,12.517857142857142,17.0,17.0,-0.5920329670329672,0.2129120879120876
2023-24,1610612763,MEM,Memphis Grizzlies,9.166666666666666,10.375,13.875,16.267857142857142,20.0,21.0,-1.208333333333334,-2.3928571428571423
2023-24,1610612764,WAS,Washington Wizards,10.5,11.61111111111111,14.892857142857142,13.75925925925926,20.0,18.0,-1.1111111111111107,1.1335978835978828
2023-24,1610612765,DET,Detroit Pistons,10.25,10.703703703703704,14.357142857142858,16.925925925925927,20.0,24.0,-0.45370370370370416,-2.5687830687830697
2023-24,1610612766,CHA,Charlotte Hornets,9.857142857142858,10.38888888888889,11.892857142857142,14.11111111111111,15.0,20.0,-0.5317460317460316,-2.2182539682539684
2024-25,1610612737,ATL,Atlanta Hawks,9.5,9.836363636363636,14.75,14.436363636363636,20.0,22.0,-0.336363636363636,0.3136363636363644
2024-25,1610612738,BOS,Boston Celtics,10.625,10.545454545454545,13.5,12.872727272727273,18.0,17.0,0.07954545454545503,0.627272727272727
2024-25,1610612739,CLE,Cleveland Cavaliers,11.666666666666666,11.037037037037036,16.555555555555557,15.277777777777779,26.0,22.0,0.6296296296296298,1.2777777777777786
2024-25,1610612740,NOP,New Orleans Pelicans,9.5,10.145454545454545,14.583333333333334,15.709090909090909,18.0,23.0,-0.6454545454545446,-1.125757575757575
2024-25,1610612741,CHI,Chicago Bulls,10.3,11.436363636363636,16.0,17.87272727272727,19.0,24.0,-1.136363636363635,-1.8727272727272712
2024-25,1610612742,DAL,Dallas Mavericks,10.625,11.196428571428571,17.5,18.464285714285715,23.0,31.0,-0.5714285714285712,-0.9642857142857153
2024-25,1610612743,DEN,Denver Nuggets,9.7,10.618181818181819,13.0,13.127272727272727,17.0,21.0,-0.9181818181818198,-0.12727272727272698
2024-25,1610612744,GSW,Golden State Warriors,12.0,11.481481481481481,16.88888888888889,18.48148148148148,20.0,24.0,0.518518518518519,-1.5925925925925917
2024-25,1610612745,HOU,Houston Rockets,11.0,10.363636363636363,16.0,15.654545454545454,20.0,22.0,0.6363636363636367,0.3454545454545457
2024-25,1610612746,LAC,LA Clippers,9.777777777777779,11.037037037037036,12.777777777777779,13.444444444444445,15.0,25.0,-1.2592592592592577,-0.6666666666666661
2024-25,1610612747,LAL,Los Angeles Lakers,10.3,10.288461538461538,17.8,16.153846153846153,22.0,25.0,0.011538461538462386,1.6461538461538474
2024-25,1610612748,MIA,Miami Heat,10.272727272727273,10.226415094339623,13.090909090909092,14.132075471698114,19.0,22.0,0.046312178387649894,-1.0411663807890221
2024-25,1610612749,MIL,Milwaukee Bucks,10.8,11.226415094339623,12.1,14.679245283018869,17.0,22.0,-0.42641509433962277,-2.579245283018869
2024-25,1610612750,MIN,Minnesota Timberwolves,10.777777777777779,10.125,16.11111111111111,13.910714285714286,18.0,20.0,0.6527777777777786,2.2003968253968242
2024-25,1610612751,BKN,Brooklyn Nets,10.714285714285714,10.222222222222221,16.0,15.851851851851851,19.0,23.0,0.4920634920634921,0.1481481481481488
2024-25,1610612752,NYK,New York Knicks,9.5,10.055555555555555,12.125,11.814814814814815,17.0,19.0,-0.5555555555555554,0.3101851851851851
2024-25,1610612753,ORL,Orlando Magic,11.0,11.303571428571429,14.5,15.678571428571429,17.0,23.0,-0.3035714285714288,-1.1785714285714288
2024-25,1610612754,IND,Indiana Pacers,11.363636363636363,11.0,15.181818181818182,15.528301886792454,20.0,24.0,0.3636363636363633,-0.34648370497427194
2024-25,1610612755,PHI,Philadelphia 76ers,10.1,10.407407407407407,15.1,15.481481481481481,19.0,21.0,-0.3074074074074069,-0.3814814814814813
2024-25,1610612756,PHX,Phoenix Suns,11.444444444444445,10.555555555555555,15.88888888888889,17.11111111111111,22.0,26.0,0.8888888888888893,-1.2222222222222214
2024-25,1610612757,POR,Portland Trail Blazers,10.4,10.836363636363636,16.0,14.254545454545454,21.0,20.0,-0.4363636363636356,1.745454545454546
2024-25,1610612758,SAC,Sacramento Kings,11.142857142857142,10.672727272727272,12.571428571428571,14.090909090909092,16.0,21.0,0.4701298701298704,-1.5194805194805205
2024-25,1610612759,SAS,San Antonio Spurs,11.5,11.403846153846153,17.0,16.03846153846154,24.0,22.0,0.0961538461538467,0.9615384615384599
2024-25,1610612760,OKC,Oklahoma City Thunder,11.0,11.358490566037736,17.0,16.67924528301887,23.0,24.0,-0.35849056603773555,0.32075471698113134
2024-25,1610612761,TOR,Toronto Raptors,10.0,10.909090909090908,16.555555555555557,17.818181818181817,20.0,25.0,-0.9090909090909083,-1.2626262626262594
2024-25,1610612762,UTA,Utah Jazz,10.125,10.333333333333334,14.5,14.351851851851851,19.0,22.0,-0.20833333333333393,0.1481481481481488
2024-25,1610612763,MEM,Memphis Grizzlies,11.4,11.37037037037037,20.8,20.037037037037038,29.0,30.0,0.029629629629630116,0.7629629629629626
2024-25,1610612764,WAS,Washington Wizards,10.333333333333334,11.277777777777779,16.0,14.425925925925926,20.0,22.0,-0.9444444444444446,1.5740740740740744
2024-25,1610612765,DET,Detroit Pistons,11.545454545454545,10.636363636363637,17.0,17.363636363636363,20.0,25.0,0.9090909090909083,-0.3636363636363633
2024-25,1610612766,CHA,Charlotte Hornets,10.222222222222221,10.615384615384615,16.333333333333332,17.692307692307693,19.0,25.0,-0.39316239316239354,-1.3589743589743613
2025-26,1610612737,ATL,Atlanta Hawks,11.235294117647058,10.075471698113208,15.529411764705882,15.18867924528302,20.0,20.0,1.1598224195338496,0.340732519422863
2025-26,1610612738,BOS,Boston Celtics,10.818181818181818,10.764705882352942,14.727272727272727,18.470588235294116,22.0,29.0,0.05347593582887633,-3.7433155080213893
2025-26,1610612739,CLE,Cleveland Cavaliers,10.52,10.686274509803921,14.64,16.725490196078432,20.0,25.0,-0.16627450980392133,-2.085490196078432
2025-26,1610612740,NOP,New Orleans Pelicans,9.722222222222221,10.490196078431373,16.555555555555557,17.568627450980394,22.0,27.0,-0.7679738562091512,-1.0130718954248366
2025-26,1610612741,CHI,Chicago Bulls,10.368421052631579,10.62,21.57894736842105,20.14,27.0,28.0,-0.25157894736842046,1.4389473684210508
2025-26,1610612742,DAL,Dallas Mavericks,10.8125,11.085106382978724,18.5,19.127659574468087,22.0,29.0,-0.27260638297872397,-0.6276595744680868
2025-26,1610612743,DEN,Denver Nuggets,10.818181818181818,10.215686274509803,14.318181818181818,13.862745098039216,20.0,20.0,0.6024955436720152,0.45543672014260217
2025-26,1610612744,GSW,Golden State Warriors,10.7,11.686274509803921,21.45,20.07843137254902,30.0,28.0,-0.9862745098039216,1.37156862745098
2025-26,1610612745,HOU,Houston Rockets,10.478260869565217,10.34,16.0,17.48,22.0,23.0,0.138260869565217,-1.4800000000000004
2025-26,1610612746,LAC,LA Clippers,11.095238095238095,11.142857142857142,14.952380952380953,14.16326530612245,18.0,20.0,-0.04761904761904745,0.7891156462585034
2025-26,1610612747,LAL,Los Angeles Lakers,10.818181818181818,10.86,16.136363636363637,16.34,23.0,22.0,-0.04181818181818109,-0.20363636363636317
2025-26,1610612748,MIA,Miami Heat,10.857142857142858,10.52,14.047619047619047,14.0,20.0,19.0,0.3371428571428581,0.04761904761904745
2025-26,1610612749,MIL,Milwaukee Bucks,10.875,10.96078431372549,15.416666666666666,14.627450980392156,23.0,21.0,-0.08578431372549034,0.7892156862745097
2025-26,1610612750,MIN,Minnesota Timberwolves,10.590909090909092,11.076923076923077,15.772727272727273,16.807692307692307,20.0,23.0,-0.48601398601398493,-1.0349650349650332
2025-26,1610612751,BKN,Brooklyn Nets,10.909090909090908,10.72,13.136363636363637,13.82,17.0,23.0,0.18909090909090764,-0.6836363636363636
2025-26,1610612752,NYK,New York Knicks,11.4,11.36,15.6,17.12,20.0,23.0,0.040000000000000924,-1.5200000000000014
2025-26,1610612753,ORL,Orlando Magic,11.05,11.07843137254902,15.5,15.431372549019608,19.0,23.0,-0.02843137254901862,0.06862745098039191
2025-26,1610612754,IND,Indiana Pacers,10.368421052631579,11.48076923076923,18.473684210526315,18.365384615384617,25.0,26.0,-1.1123481781376512,0.10829959514169829
2025-26,1610612755,PHI,Philadelphia 76ers,10.916666666666666,10.352941176470589,14.083333333333334,15.568627450980392,17.0,20.0,0.5637254901960773,-1.485294117647058
2025-26,1610612756,PHX,Phoenix Suns,11.0,11.215686274509803,16.833333333333332,15.745098039215685,23.0,22.0,-0.21568627450980316,1.0882352941176467
2025-26,1610612757,POR,Portland Trail Blazers,11.352941176470589,10.588235294117647,17.470588235294116,19.901960784313726,23.0,26.0,0.764705882352942,-2.43137254901961
2025-26,1610612758,SAC,Sacramento Kings,9.476190476190476,10.115384615384615,13.80952380952381,15.288461538461538,17.0,23.0,-0.6391941391941387,-1.4789377289377281
2025-26,1610612759,SAS,San Antonio Spurs,11.73913043478261,11.254901960784315,17.608695652173914,19.647058823529413,23.0,26.0,0.4842284739982947,-2.038363171355499
2025-26,1610612760,OKC,Oklahoma City Thunder,11.65,11.03921568627451,17.5,17.784313725490197,27.0,26.0,0.6107843137254907,-0.28431372549019684
2025-26,1610612761,TOR,Toronto Raptors,12.173913043478262,11.117647058823529,18.956521739130434,19.666666666666668,24.0,28.0,1.0562659846547326,-0.7101449275362341
2025-26,1610612762,UTA,Utah Jazz,9.2,10.288461538461538,13.95,15.961538461538462,20.0,25.0,-1.088461538461539,-2.0115384615384624
2025-26,1610612763,MEM,Memphis Grizzlies,9.666666666666666,10.666666666666666,13.277777777777779,16.5,21.0,28.0,-1.0,-3.2222222222222214
2025-26,1610612764,WAS,Washington Wizards,9.5,11.448979591836734,13.4375,15.26530612244898,18.0,24.0,-1.9489795918367339,-1.8278061224489797
2025-26,1610612765,DET,Detroit Pistons,11.818181818181818,11.0625,17.40909090909091,19.604166666666668,29.0,28.0,0.7556818181818183,-2.195075757575758
2025-26,1610612766,CHA,Charlotte Hornets,11.714285714285714,10.773584905660377,20.714285714285715,20.037735849056602,25.0,26.0,0.940700808625337,0.6765498652291129
