season,TEAM_ID,TEAM_ABBREVIATION,TEAM_NAME,period,games,avg_players_used,avg_unique_lineups,max_lineups_in_game
2020-21,1610612737,ATL,Atlanta Hawks,Post-ASG,24,10.916666666666666,13.875,19
2020-21,1610612737,ATL,Atlanta Hawks,Pre-ASG,21,10.761904761904763,16.666666666666668,22
2020-21,1610612738,BOS,Boston Celtics,Post-ASG,22,11.409090909090908,16.272727272727273,20
2020-21,1610612738,BOS,Boston Celtics,Pre-ASG,25,10.96,16.84,22
2020-21,1610612739,CLE,Cleveland Cavaliers,Post-ASG,23,10.391304347826088,14.173913043478262,19
2020-21,1610612739,CLE,Cleveland Cavaliers,Pre-ASG,23,10.217391304347826,14.869565217391305,20
2020-21,1610612740,NOP,New Orleans Pelicans,Post-ASG,22,10.227272727272727,13.772727272727273,19
2020-21,1610612740,NOP,New Orleans Pelicans,Pre-ASG,26,10.423076923076923,12.884615384615385,18
2020-21,1610612741,CHI,Chicago Bulls,Post-ASG,24,11.083333333333334,15.75,21
2020-21,1610612741,CHI,Chicago Bulls,Pre-ASG,20,10.15,17.25,24
2020-21,1610612742,DAL,Dallas Mavericks,Post-ASG,24,10.875,15.375,20
2020-21,1610612742,DAL,Dallas Mavericks,Pre-ASG,20,11.05,15.9,22
2020-21,1610612743,DEN,Denver Nuggets,Post-ASG,23,11.0,12.521739130434783,16
2020-21,1610612743,DEN,Denver Nuggets,Pre-ASG,21,11.523809523809524,13.952380952380953,20
2020-21,1610612744,GSW,Golden State Warriors,Post-ASG,23,10.695652173913043,14.652173913043478,20
2020-21,1610612744,GSW,Golden State Warriors,Pre-ASG,24,11.083333333333334,13.708333333333334,21
2020-21,1610612745,HOU,Houston Rockets,Post-ASG,27,9.555555555555555,12.851851851851851,16
2020-21,1610612745,HOU,Houston Rockets,Pre-ASG,19,10.105263157894736,14.368421052631579,22
2020-21,1610612746,LAC,LA Clippers,Post-ASG,22,11.090909090909092,15.772727272727273,20
2020-21,1610612746,LAC,LA Clippers,Pre-ASG,21,10.904761904761905,14.80952380952381,19
2020-21,1610612747,LAL,Los Angeles Lakers,Post-ASG,25,11.16,14.76,18
2020-21,1610612747,LAL,Los Angeles Lakers,Pre-ASG,22,11.0,14.363636363636363,23
2020-21,1610612748,MIA,Miami Heat,Post-ASG,22,10.5,14.590909090909092,19
2020-21,1610612748,MIA,Miami Heat,Pre-ASG,21,9.904761904761905,14.80952380952381,19
2020-21,1610612749,MIL,Milwaukee Bucks,Post-ASG,25,10.84,18.8,26
2020-21,1610612749,MIL,Milwaukee Bucks,Pre-ASG,21,10.857142857142858,18.523809523809526,26
2020-21,1610612750,MIN,Minnesota Timberwolves,Post-ASG,23,10.695652173913043,15.434782608695652,19
2020-21,1610612750,MIN,Minnesota Timberwolves,Pre-ASG,24,11.041666666666666,15.666666666666666,21
2020-21,1610612751,BKN,Brooklyn Nets,Post-ASG,23,10.434782608695652,16.304347826086957,20
2020-21,1610612751,BKN,Brooklyn Nets,Pre-ASG,24,10.25,13.75,20
2020-21,1610612752,NYK,New York Knicks,Post-ASG,24,10.666666666666666,11.916666666666666,16
2020-21,1610612752,NYK,New York Knicks,Pre-ASG,21,10.714285714285714,11.428571428571429,16
2020-21,1610612753,ORL,Orlando Magic,Post-ASG,21,10.047619047619047,13.095238095238095,21
2020-21,1610612753,ORL,Orlando Magic,Pre-ASG,20,10.1,12.4,16
2020-21,1610612754,IND,Indiana Pacers,Post-ASG,26,10.76923076923077,13.26923076923077,18
2020-21,1610612754,IND,Indiana Pacers,Pre-ASG,19,9.947368421052632,12.578947368421053,16
2020-21,1610612755,PHI,Philadelphia 76ers,Post-ASG,23,12.0,15.304347826086957,20
2020-21,1610612755,PHI,Philadelphia 76ers,Pre-ASG,21,10.714285714285714,14.80952380952381,22
2020-21,1610612756,PHX,Phoenix Suns,Post-ASG,25,11.04,13.72,20
2020-21,1610612756,PHX,Phoenix Suns,Pre-ASG,23,11.521739130434783,14.652173913043478,20
2020-21,1610612757,POR,Portland Trail Blazers,Post-ASG,25,10.32,13.36,19
2020-21,1610612757,POR,Portland Trail Blazers,Pre-ASG,21,9.619047619047619,13.0,17
2020-21,1610612758,SAC,Sacramento Kings,Post-ASG,23,10.304347826086957,14.782608695652174,20
2020-21,1610612758,SAC,Sacramento Kings,Pre-ASG,20,9.8,13.0,20
2020-21,1610612759,SAS,San Antonio Spurs,Post-ASG,24,11.5,15.791666666666666,21
2020-21,1610612759,SAS,San Antonio Spurs,Pre-ASG,19,10.894736842105264,15.263157894736842,18
2020-21,1610612760,OKC,Oklahoma City Thunder,Post-ASG,24,9.833333333333334,13.166666666666666,18
2020-21,1610612760,OKC,Oklahoma City Thunder,Pre-ASG,23,10.0,12.565217391304348,18
2020-21,1610612761,TOR,Toronto Raptors,Post-ASG,25,9.76,13.52,20
2020-21,1610612761,TOR,Toronto Raptors,Pre-ASG,22,11.045454545454545,15.863636363636363,19
2020-21,1610612762,UTA,Utah Jazz,Post-ASG,26,11.461538461538462,10.76923076923077,16
2020-21,1610612762,UTA,Utah Jazz,Pre-ASG,24,11.333333333333334,11.666666666666666,19
2020-21,1610612763,MEM,Memphis Grizzlies,Post-ASG,27,10.925925925925926,14.37037037037037,20
2020-21,1610612763,MEM,Memphis Grizzlies,Pre-ASG,19,10.157894736842104,16.63157894736842,20
2020-21,1610612764,WAS,Washington Wizards,Post-ASG,26,10.923076923076923,17.46153846153846,25
2020-21,1610612764,WAS,Washington Wizards,Pre-ASG,21,11.238095238095237,17.095238095238095,23
2020-21,1610612765,DET,Detroit Pistons,Post-ASG,25,10.8,13.8,19
2020-21,1610612765,DET,Detroit Pistons,Pre-ASG,22,10.772727272727273,13.727272727272727,19
2020-21,1610612766,CHA,Charlotte Hornets,Post-ASG,26,11.0,17.23076923076923,21
2020-21,1610612766,CHA,Charlotte Hornets,Pre-ASG,19,9.578947368421053,17.0,22
2021-22,1610612737,ATL,Atlanta Hawks,Post-ASG,6,9.833333333333334,13.833333333333334,16
2021-22,1610612737,ATL,Atlanta Hawks,Pre-ASG,48,11.041666666666666,12.854166666666666,20
2021-22,1610612738,BOS,Boston Celtics,Post-ASG,9,10.666666666666666,13.444444444444445,17
2021-22,1610612738,BOS,Boston Celtics,Pre-ASG,45,10.844444444444445,14.311111111111112,20
2021-22,1610612739,CLE,Cleveland Cavaliers,Post-ASG,13,11.0,16.46153846153846,21
2021-22,1610612739,CLE,Cleveland Cavaliers,Pre-ASG,47,10.361702127659575,15.680851063829786,24
2021-22,1610612740,NOP,New Orleans Pelicans,Post-ASG,12,11.083333333333334,14.583333333333334,19
2021-22,1610612740,NOP,New Orleans Pelicans,Pre-ASG,46,10.695652173913043,15.521739130434783,23
2021-22,1610612741,CHI,Chicago Bulls,Post-ASG,8,10.0,13.875,19
2021-22,1610612741,CHI,Chicago Bulls,Pre-ASG,48,10.458333333333334,15.3125,21
2021-22,1610612742,DAL,Dallas Mavericks,Post-ASG,11,11.0,14.272727272727273,18
2021-22,1610612742,DAL,Dallas Mavericks,Pre-ASG,48,11.520833333333334,16.854166666666668,26
2021-22,1610612743,DEN,Denver Nuggets,Post-ASG,15,10.866666666666667,13.333333333333334,17
2021-22,1610612743,DEN,Denver Nuggets,Pre-ASG,49,11.10204081632653,13.081632653061224,25
2021-22,1610612744,GSW,Golden State Warriors,Post-ASG,13,10.384615384615385,16.923076923076923,21
2021-22,1610612744,GSW,Golden State Warriors,Pre-ASG,48,11.625,17.166666666666668,26
2021-22,1610612745,HOU,Houston Rockets,Post-ASG,13,10.384615384615385,11.076923076923077,17
2021-22,1610612745,HOU,Houston Rockets,Pre-ASG,50,10.98,14.92,22
2021-22,1610612746,LAC,LA Clippers,Post-ASG,10,10.2,12.4,15
2021-22,1610612746,LAC,LA Clippers,Pre-ASG,50,10.62,15.1,21
2021-22,1610612747,LAL,Los Angeles Lakers,Post-ASG,14,10.142857142857142,16.857142857142858,24
2021-22,1610612747,LAL,Los Angeles Lakers,Pre-ASG,48,10.1875,17.5625,25
2021-22,1610612748,MIA,Miami Heat,Post-ASG,9,10.555555555555555,11.0,13
2021-22,1610612748,MIA,Miami Heat,Pre-ASG,46,10.0,14.369565217391305,21
2021-22,1610612749,MIL,Milwaukee Bucks,Post-ASG,14,10.357142857142858,19.785714285714285,26
2021-22,1610612749,MIL,Milwaukee Bucks,Pre-ASG,48,10.666666666666666,20.041666666666668,30
2021-22,1610612750,MIN,Minnesota Timberwolves,Post-ASG,16,11.6875,16.5,21
2021-22,1610612750,MIN,Minnesota Timberwolves,Pre-ASG,46,11.347826086956522,16.608695652173914,22
2021-22,1610612751,BKN,Brooklyn Nets,Post-ASG,11,10.0,15.272727272727273,19
2021-22,1610612751,BKN,Brooklyn Nets,Pre-ASG,44,10.75,15.568181818181818,23
2021-22,1610612752,NYK,New York Knicks,Post-ASG,11,9.363636363636363,13.363636363636363,16
2021-22,1610612752,NYK,New York Knicks,Pre-ASG,46,10.58695652173913,12.478260869565217,17
2021-22,1610612753,ORL,Orlando Magic,Post-ASG,9,10.11111111111111,12.0,14
2021-22,1610612753,ORL,Orlando Magic,Pre-ASG,49,10.224489795918368,14.673469387755102,22
2021-22,1610612754,IND,Indiana Pacers,Post-ASG,10,9.3,17.1,21
2021-22,1610612754,IND,Indiana Pacers,Pre-ASG,49,10.63265306122449,16.857142857142858,22
2021-22,1610612755,PHI,Philadelphia 76ers,Post-ASG,14,10.071428571428571,14.5,17
2021-22,1610612755,PHI,Philadelphia 76ers,Pre-ASG,45,10.155555555555555,14.577777777777778,25
2021-22,1610612756,PHX,Phoenix Suns,Post-ASG,13,10.692307692307692,12.76923076923077,18
2021-22,1610612756,PHX,Phoenix Suns,Pre-ASG,45,10.4,13.622222222222222,21
2021-22,1610612757,POR,Portland Trail Blazers,Post-ASG,10,10.2,14.2,17
2021-22,1610612757,POR,Portland Trail Blazers,Pre-ASG,49,10.571428571428571,13.387755102040817,19
2021-22,1610612758,SAC,Sacramento Kings,Post-ASG,12,9.833333333333334,13.25,18
2021-22,1610612758,SAC,Sacramento Kings,Pre-ASG,50,10.44,14.92,23
2021-22,1610612759,SAS,San Antonio Spurs,Post-ASG,14,10.571428571428571,17.571428571428573,22
2021-22,1610612759,SAS,San Antonio Spurs,Pre-ASG,51,11.392156862745098,17.88235294117647,25
2021-22,1610612760,OKC,Oklahoma City Thunder,Post-ASG,12,8.5,12.75,20
2021-22,1610612760,OKC,Oklahoma City Thunder,Pre-ASG,46,11.26086956521739,17.17391304347826,25
2021-22,1610612761,TOR,Toronto Raptors,Post-ASG,10,10.7,12.4,15
2021-22,1610612761,TOR,Toronto Raptors,Pre-ASG,43,10.023255813953488,14.046511627906977,20
2021-22,1610612762,UTA,Utah Jazz,Post-ASG,11,10.0,11.181818181818182,18
2021-22,1610612762,UTA,Utah Jazz,Pre-ASG,48,10.791666666666666,12.395833333333334,19
2021-22,1610612763,MEM,Memphis Grizzlies,Post-ASG,12,10.916666666666666,14.416666666666666,18
2021-22,1610612763,MEM,Memphis Grizzlies,Pre-ASG,47,11.46808510638298,15.680851063829786,24
2021-22,1610612764,WAS,Washington Wizards,Post-ASG,13,10.307692307692308,13.923076923076923,17
2021-22,1610612764,WAS,Washington Wizards,Pre-ASG,44,10.840909090909092,15.113636363636363,21
2021-22,1610612765,DET,Detroit Pistons,Post-ASG,11,9.636363636363637,12.727272727272727,20
2021-22,1610612765,DET,Detroit Pistons,Pre-ASG,47,10.53191489361702,14.127659574468085,20
2021-22,1610612766,CHA,Charlotte Hornets,Post-ASG,14,11.142857142857142,16.0,21
2021-22,1610612766,CHA,Charlotte Hornets,Pre-ASG,50,10.12,15.28,21
2022-23,1610612737,ATL,Atlanta Hawks,Post-ASG,10,11.2,12.5,15
2022-23,1610612737,ATL,Atlanta Hawks,Pre-ASG,57,10.456140350877194,13.210526315789474,22
2022-23,1610612738,BOS,Boston Celtics,Post-ASG,9,11.0,14.0,18
2022-23,1610612738,BOS,Boston Celtics,Pre-ASG,55,10.4,14.309090909090909,23
2022-23,1610612739,CLE,Cleveland Cavaliers,Post-ASG,8,10.0,14.75,18
2022-23,1610612739,CLE,Cleveland Cavaliers,Pre-ASG,58,9.982758620689655,16.362068965517242,25
2022-23,1610612740,NOP,New Orleans Pelicans,Post-ASG,10,10.2,13.0,15
2022-23,1610612740,NOP,New Orleans Pelicans,Pre-ASG,55,10.436363636363636,16.90909090909091,25
2022-23,1610612741,CHI,Chicago Bulls,Post-ASG,11,11.181818181818182,12.727272727272727,16
2022-23,1610612741,CHI,Chicago Bulls,Pre-ASG,56,10.178571428571429,15.071428571428571,25
2022-23,1610612742,DAL,Dallas Mavericks,Post-ASG,10,10.6,14.4,18
2022-23,1610612742,DAL,Dallas Mavericks,Pre-ASG,57,10.807017543859649,14.929824561403509,20
2022-23,1610612743,DEN,Denver Nuggets,Post-ASG,8,10.875,10.75,15
2022-23,1610612743,DEN,Denver Nuggets,Pre-ASG,56,11.0,13.267857142857142,18
2022-23,1610612744,GSW,Golden State Warriors,Post-ASG,8,11.125,18.875,22
2022-23,1610612744,GSW,Golden State Warriors,Pre-ASG,55,10.272727272727273,17.10909090909091,23
2022-23,1610612745,HOU,Houston Rockets,Post-ASG,8,10.0,12.0,14
2022-23,1610612745,HOU,Houston Rockets,Pre-ASG,56,11.071428571428571,15.410714285714286,24
2022-23,1610612746,LAC,LA Clippers,Post-ASG,10,11.2,11.4,15
2022-23,1610612746,LAC,LA Clippers,Pre-ASG,59,10.559322033898304,14.830508474576272,20
2022-23,1610612747,LAL,Los Angeles Lakers,Post-ASG,9,10.777777777777779,16.444444444444443,20
2022-23,1610612747,LAL,Los Angeles Lakers,Pre-ASG,55,10.472727272727273,17.272727272727273,27
2022-23,1610612748,MIA,Miami Heat,Post-ASG,8,10.625,12.125,14
2022-23,1610612748,MIA,Miami Heat,Pre-ASG,57,9.12280701754386,12.771929824561404,21
2022-23,1610612749,MIL,Milwaukee Bucks,Post-ASG,10,11.7,20.6,26
2022-23,1610612749,MIL,Milwaukee Bucks,Pre-ASG,53,10.943396226415095,20.79245283018868,26
2022-23,1610612750,MIN,Minnesota Timberwolves,Post-ASG,10,9.9,15.2,21
2022-23,1610612750,MIN,Minnesota Timberwolves,Pre-ASG,58,10.724137931034482,16.862068965517242,26
2022-23,1610612751,BKN,Brooklyn Nets,Post-ASG,9,11.333333333333334,14.666666666666666,21
2022-23,1610612751,BKN,Brooklyn Nets,Pre-ASG,55,10.690909090909091,16.036363636363635,22
2022-23,1610612752,NYK,New York Knicks,Post-ASG,8,9.375,11.375,15
2022-23,1610612752,NYK,New York Knicks,Pre-ASG,56,10.196428571428571,12.339285714285714,20
2022-23,1610612753,ORL,Orlando Magic,Post-ASG,9,10.777777777777779,12.666666666666666,16
2022-23,1610612753,ORL,Orlando Magic,Pre-ASG,54,10.314814814814815,13.74074074074074,22
2022-23,1610612754,IND,Indiana Pacers,Post-ASG,9,10.0,14.88888888888889,18
2022-23,1610612754,IND,Indiana Pacers,Pre-ASG,58,10.689655172413794,15.775862068965518,23
2022-23,1610612755,PHI,Philadelphia 76ers,Post-ASG,10,11.0,15.1,20
2022-23,1610612755,PHI,Philadelphia 76ers,Pre-ASG,54,10.814814814814815,15.38888888888889,23
2022-23,1610612756,PHX,Phoenix Suns,Post-ASG,9,11.11111111111111,14.666666666666666,19
2022-23,1610612756,PHX,Phoenix Suns,Pre-ASG,55,10.836363636363636,15.072727272727272,22
2022-23,1610612757,POR,Portland Trail Blazers,Post-ASG,9,9.444444444444445,13.0,15
2022-23,1610612757,POR,Portland Trail Blazers,Pre-ASG,55,10.018181818181818,12.745454545454546,19
2022-23,1610612758,SAC,Sacramento Kings,Post-ASG,10,12.3,13.5,17
2022-23,1610612758,SAC,Sacramento Kings,Pre-ASG,55,11.4,15.745454545454546,24
2022-23,1610612759,SAS,San Antonio Spurs,Post-ASG,8,10.25,18.625,24
2022-23,1610612759,SAS,San Antonio Spurs,Pre-ASG,55,11.072727272727272,20.363636363636363,30
2022-23,1610612760,OKC,Oklahoma City Thunder,Post-ASG,10,10.5,17.2,24
2022-23,1610612760,OKC,Oklahoma City Thunder,Pre-ASG,55,11.072727272727272,18.727272727272727,27
2022-23,1610612761,TOR,Toronto Raptors,Post-ASG,9,11.11111111111111,12.555555555555555,16
2022-23,1610612761,TOR,Toronto Raptors,Pre-ASG,56,10.0,13.25,18
2022-23,1610612762,UTA,Utah Jazz,Post-ASG,9,10.222222222222221,12.666666666666666,18
2022-23,1610612762,UTA,Utah Jazz,Pre-ASG,59,10.864406779661017,14.59322033898305,20
2022-23,1610612763,MEM,Memphis Grizzlies,Post-ASG,9,10.222222222222221,13.666666666666666,19
2022-23,1610612763,MEM,Memphis Grizzlies,Pre-ASG,55,10.836363636363636,15.309090909090909,21
2022-23,1610612764,WAS,Washington Wizards,Post-ASG,10,10.0,13.7,17
2022-23,1610612764,WAS,Washington Wizards,Pre-ASG,55,10.618181818181819,15.781818181818181,25
2022-23,1610612765,DET,Detroit Pistons,Post-ASG,11,9.272727272727273,13.636363636363637,16
2022-23,1610612765,DET,Detroit Pistons,Pre-ASG,57,10.350877192982455,13.631578947368421,20
2022-23,1610612766,CHA,Charlotte Hornets,Post-ASG,10,9.6,14.1,17
2022-23,1610612766,CHA,Charlotte Hornets,Pre-ASG,59,10.084745762711865,13.813559322033898,21
2023-24,1610612737,ATL,Atlanta Hawks,Post-ASG,27,9.851851851851851,13.333333333333334,18
2023-24,1610612737,ATL,Atlanta Hawks,Pre-ASG,55,9.690909090909091,11.781818181818181,18
2023-24,1610612738,BOS,Boston Celtics,Post-ASG,26,10.615384615384615,13.23076923076923,21
2023-24,1610612738,BOS,Boston Celtics,Pre-ASG,55,10.327272727272728,13.654545454545454,19
2023-24,1610612739,CLE,Cleveland Cavaliers,Post-ASG,29,10.0,15.068965517241379,24
2023-24,1610612739,CLE,Cleveland Cavaliers,Pre-ASG,53,10.09433962264151,15.622641509433961,22
2023-24,1610612740,NOP,New Orleans Pelicans,Post-ASG,25,10.36,14.8,22
2023-24,1610612740,NOP,New Orleans Pelicans,Pre-ASG,55,10.709090909090909,17.818181818181817,26
2023-24,1610612741,CHI,Chicago Bulls,Post-ASG,26,10.461538461538462,17.153846153846153,21
2023-24,1610612741,CHI,Chicago Bulls,Pre-ASG,55,10.054545454545455,15.763636363636364,24
2023-24,1610612742,DAL,Dallas Mavericks,Post-ASG,26,11.692307692307692,17.307692307692307,24
2023-24,1610612742,DAL,Dallas Mavericks,Pre-ASG,55,11.218181818181819,16.818181818181817,24
2023-24,1610612743,DEN,Denver Nuggets,Post-ASG,25,11.56,11.96,17
2023-24,1610612743,DEN,Denver Nuggets,Pre-ASG,55,11.10909090909091,13.181818181818182,20
2023-24,1610612744,GSW,Golden State Warriors,Post-ASG,28,11.821428571428571,17.0,23
2023-24,1610612744,GSW,Golden State Warriors,Pre-ASG,53,10.924528301886792,16.962264150943398,24
2023-24,1610612745,HOU,Houston Rockets,Post-ASG,27,10.925925925925926,16.703703703703702,21
2023-24,1610612745,HOU,Houston Rockets,Pre-ASG,54,10.722222222222221,15.425925925925926,26
2023-24,1610612746,LAC,LA Clippers,Post-ASG,29,10.689655172413794,13.89655172413793,19
2023-24,1610612746,LAC,LA Clippers,Pre-ASG,53,10.377358490566039,13.943396226415095,19
2023-24,1610612747,LAL,Los Angeles Lakers,Post-ASG,24,11.083333333333334,13.875,17
2023-24,1610612747,LAL,Los Angeles Lakers,Pre-ASG,56,10.339285714285714,14.107142857142858,18
2023-24,1610612748,MIA,Miami Heat,Post-ASG,27,10.518518518518519,13.555555555555555,18
2023-24,1610612748,MIA,Miami Heat,Pre-ASG,55,9.872727272727273,12.781818181818181,19
2023-24,1610612749,MIL,Milwaukee Bucks,Post-ASG,26,11.0,13.923076923076923,19
2023-24,1610612749,MIL,Milwaukee Bucks,Pre-ASG,56,11.107142857142858,15.375,25
2023-24,1610612750,MIN,Minnesota Timberwolves,Post-ASG,27,11.037037037037036,16.48148148148148,23
2023-24,1610612750,MIN,Minnesota Timberwolves,Pre-ASG,55,10.8,16.12727272727273,21
2023-24,1610612751,BKN,Brooklyn Nets,Post-ASG,27,10.592592592592593,17.962962962962962,26
2023-24,1610612751,BKN,Brooklyn Nets,Pre-ASG,54,10.11111111111111,16.25925925925926,27
2023-24,1610612752,NYK,New York Knicks,Post-ASG,25,9.72,11.4,15
2023-24,1610612752,NYK,New York Knicks,Pre-ASG,55,10.345454545454546,11.618181818181819,17
2023-24,1610612753,ORL,Orlando Magic,Post-ASG,27,12.222222222222221,12.814814814814815,17
2023-24,1610612753,ORL,Orlando Magic,Pre-ASG,55,11.454545454545455,14.327272727272728,27
2023-24,1610612754,IND,Indiana Pacers,Post-ASG,26,11.423076923076923,14.692307692307692,23
2023-24,1610612754,IND,Indiana Pacers,Pre-ASG,56,10.910714285714286,15.821428571428571,24
2023-24,1610612755,PHI,Philadelphia 76ers,Post-ASG,27,10.518518518518519,15.185185185185185,20
2023-24,1610612755,PHI,Philadelphia 76ers,Pre-ASG,54,11.37037037037037,14.25925925925926,23
2023-24,1610612756,PHX,Phoenix Suns,Post-ASG,26,11.115384615384615,14.346153846153847,22
2023-24,1610612756,PHX,Phoenix Suns,Pre-ASG,55,10.854545454545455,16.072727272727274,23
2023-24,1610612757,POR,Portland Trail Blazers,Post-ASG,26,9.653846153846153,13.0,19
2023-24,1610612757,POR,Portland Trail Blazers,Pre-ASG,54,10.5,13.88888888888889,22
2023-24,1610612758,SAC,Sacramento Kings,Post-ASG,26,11.26923076923077,16.153846153846153,26
2023-24,1610612758,SAC,Sacramento Kings,Pre-ASG,54,11.777777777777779,15.166666666666666,24
2023-24,1610612759,SAS,San Antonio Spurs,Post-ASG,26,10.384615384615385,15.307692307692308,22
2023-24,1610612759,SAS,San Antonio Spurs,Pre-ASG,55,11.327272727272728,18.472727272727273,27
2023-24,1610612760,OKC,Oklahoma City Thunder,Post-ASG,27,11.925925925925926,19.037037037037038,29
2023-24,1610612760,OKC,Oklahoma City Thunder,Pre-ASG,54,11.88888888888889,18.64814814814815,27
2023-24,1610612761,TOR,Toronto Raptors,Post-ASG,27,10.185185185185185,14.407407407407407,20
2023-24,1610612761,TOR,Toronto Raptors,Pre-ASG,55,10.563636363636364,15.709090909090909,23
2023-24,1610612762,UTA,Utah Jazz,Post-ASG,26,10.461538461538462,12.73076923076923,17
2023-24,1610612762,UTA,Utah Jazz,Pre-ASG,56,11.053571428571429,12.517857142857142,17
2023-24,1610612763,MEM,Memphis Grizzlies,Post-ASG,24,9.166666666666666,13.875,20
2023-24,1610612763,MEM,Memphis Grizzlies,Pre-ASG,56,10.375,16.267857142857142,21
2023-24,1610612764,WAS,Washington Wizards,Post-ASG,28,10.5,14.892857142857142,20
2023-24,1610612764,WAS,Washington Wizards,Pre-ASG,54,11.61111111111111,13.75925925925926,18
2023-24,1610612765,DET,Detroit Pistons,Post-ASG,28,10.25,14.357142857142858,20
2023-24,1610612765,DET,Detroit Pistons,Pre-ASG,54,10.703703703703704,16.925925925925927,24
2023-24,1610612766,CHA,Charlotte Hornets,Post-ASG,28,9.857142857142858,11.892857142857142,15
2023-24,1610612766,CHA,Charlotte Hornets,Pre-ASG,54,10.38888888888889,14.11111111111111,20
2024-25,1610612737,ATL,Atlanta Hawks,Post-ASG,8,9.5,14.75,20
2024-25,1610612737,ATL,Atlanta Hawks,Pre-ASG,55,9.836363636363636,14.436363636363636,22
2024-25,1610612738,BOS,Boston Celtics,Post-ASG,8,10.625,13.5,18
2024-25,1610612738,BOS,Boston Celtics,Pre-ASG,55,10.545454545454545,12.872727272727273,17
2024-25,1610612739,CLE,Cleveland Cavaliers,Post-ASG,9,11.666666666666666,16.555555555555557,26
2024-25,1610612739,CLE,Cleveland Cavaliers,Pre-ASG,54,11.037037037037036,15.277777777777779,22
2024-25,1610612740,NOP,New Orleans Pelicans,Post-ASG,12,9.5,14.583333333333334,18
2024-25,1610612740,NOP,New Orleans Pelicans,Pre-ASG,55,10.145454545454545,15.709090909090909,23
2024-25,1610612741,CHI,Chicago Bulls,Post-ASG,10,10.3,16.0,19
2024-25,1610612741,CHI,Chicago Bulls,Pre-ASG,55,11.436363636363636,17.87272727272727,24
2024-25,1610612742,DAL,Dallas Mavericks,Post-ASG,8,10.625,17.5,23
2024-25,1610612742,DAL,Dallas Mavericks,Pre-ASG,56,11.196428571428571,18.464285714285715,31
2024-25,1610612743,DEN,Denver Nuggets,Post-ASG,10,9.7,13.0,17
2024-25,1610612743,DEN,Denver Nuggets,Pre-ASG,55,10.618181818181819,13.127272727272727,21
2024-25,1610612744,GSW,Golden State Warriors,Post-ASG,9,12.0,16.88888888888889,20
2024-25,1610612744,GSW,Golden State Warriors,Pre-ASG,54,11.481481481481481,18.48148148148148,24
2024-25,1610612745,HOU,Houston Rockets,Post-ASG,10,11.0,16.0,20
2024-25,1610612745,HOU,Houston Rockets,Pre-ASG,55,10.363636363636363,15.654545454545454,22
2024-25,1610612746,LAC,LA Clippers,Post-ASG,9,9.777777777777779,12.777777777777779,15
2024-25,1610612746,LAC,LA Clippers,Pre-ASG,54,11.037037037037036,13.444444444444445,25
2024-25,1610612747,LAL,Los Angeles Lakers,Post-ASG,10,10.3,17.8,22
2024-25,1610612747,LAL,Los Angeles Lakers,Pre-ASG,52,10.288461538461538,16.153846153846153,25
2024-25,1610612748,MIA,Miami Heat,Post-ASG,11,10.272727272727273,13.090909090909092,19
2024-25,1610612748,MIA,Miami Heat,Pre-ASG,53,10.226415094339623,14.132075471698114,22
2024-25,1610612749,MIL,Milwaukee Bucks,Post-ASG,10,10.8,12.1,17
2024-25,1610612749,MIL,Milwaukee Bucks,Pre-ASG,53,11.226415094339623,14.679245283018869,22
2024-25,1610612750,MIN,Minnesota Timberwolves,Post-ASG,9,10.777777777777779,16.11111111111111,18
2024-25,1610612750,MIN,Minnesota Timberwolves,Pre-ASG,56,10.125,13.910714285714286,20
2024-25,1610612751,BKN,Brooklyn Nets,Post-ASG,7,10.714285714285714,16.0,19
2024-25,1610612751,BKN,Brooklyn Nets,Pre-ASG,54,10.222222222222221,15.851851851851851,23
2024-25,1610612752,NYK,New York Knicks,Post-ASG,8,9.5,12.125,17
2024-25,1610612752,NYK,New York Knicks,Pre-ASG,54,10.055555555555555,11.814814814814815,19
2024-25,1610612753,ORL,Orlando Magic,Post-ASG,12,11.0,14.5,17
2024-25,1610612753,ORL,Orlando Magic,Pre-ASG,56,11.303571428571429,15.678571428571429,23
2024-25,1610612754,IND,Indiana Pacers,Post-ASG,11,11.363636363636363,15.181818181818182,20
2024-25,1610612754,IND,Indiana Pacers,Pre-ASG,53,11.0,15.528301886792454,24
2024-25,1610612755,PHI,Philadelphia 76ers,Post-ASG,10,10.1,15.1,19
2024-25,1610612755,PHI,Philadelphia 76ers,Pre-ASG,54,10.407407407407407,15.481481481481481,21
2024-25,1610612756,PHX,Phoenix Suns,Post-ASG,9,11.444444444444445,15.88888888888889,22
2024-25,1610612756,PHX,Phoenix Suns,Pre-ASG,54,10.555555555555555,17.11111111111111,26
2024-25,1610612757,POR,Portland Trail Blazers,Post-ASG,10,10.4,16.0,21
2024-25,1610612757,POR,Portland Trail Blazers,Pre-ASG,55,10.836363636363636,14.254545454545454,20
2024-25,1610612758,SAC,Sacramento Kings,Post-ASG,7,11.142857142857142,12.571428571428571,16
2024-25,1610612758,SAC,Sacramento Kings,Pre-ASG,55,10.672727272727272,14.090909090909092,21
2024-25,1610612759,SAS,San Antonio Spurs,Post-ASG,10,11.5,17.0,24
2024-25,1610612759,SAS,San Antonio Spurs,Pre-ASG,52,11.403846153846153,16.03846153846154,22
2024-25,1610612760,OKC,Oklahoma City Thunder,Post-ASG,10,11.0,17.0,23
2024-25,1610612760,OKC,Oklahoma City Thunder,Pre-ASG,53,11.358490566037736,16.67924528301887,24
2024-25,1610612761,TOR,Toronto Raptors,Post-ASG,9,10.0,16.555555555555557,20
2024-25,1610612761,TOR,Toronto Raptors,Pre-ASG,55,10.909090909090908,17.818181818181817,25
2024-25,1610612762,UTA,Utah Jazz,Post-ASG,8,10.125,14.5,19
2024-25,1610612762,UTA,Utah Jazz,Pre-ASG,54,10.333333333333334,14.351851851851851,22
2024-25,1610612763,MEM,Memphis Grizzlies,Post-ASG,10,11.4,20.8,29
2024-25,1610612763,MEM,Memphis Grizzlies,Pre-ASG,54,11.37037037037037,20.037037037037038,30
2024-25,1610612764,WAS,Washington Wizards,Post-ASG,12,10.333333333333334,16.0,20
2024-25,1610612764,WAS,Washington Wizards,Pre-ASG,54,11.277777777777779,14.425925925925926,22
2024-25,1610612765,DET,Detroit Pistons,Post-ASG,11,11.545454545454545,17.0,20
2024-25,1610612765,DET,Detroit Pistons,Pre-ASG,55,10.636363636363637,17.363636363636363,25
2024-25,1610612766,CHA,Charlotte Hornets,Post-ASG,9,10.222222222222221,16.333333333333332,19
2024-25,1610612766,CHA,Charlotte Hornets,Pre-ASG,52,10.615384615384615,17.692307692307693,25
2025-26,1610612737,ATL,Atlanta Hawks,Post-ASG,17,11.235294117647058,15.529411764705882,20
2025-26,1610612737,ATL,Atlanta Hawks,Pre-ASG,53,10.075471698113208,15.18867924528302,20
2025-26,1610612738,BOS,Boston Celtics,Post-ASG,22,10.818181818181818,14.727272727272727,22
2025-26,1610612738,BOS,Boston Celtics,Pre-ASG,51,10.764705882352942,18.470588235294116,29
2025-26,1610612739,CLE,Cleveland Cavaliers,Post-ASG,25,10.52,14.64,20
2025-26,1610612739,CLE,Cleveland Cavaliers,Pre-ASG,51,10.686274509803921,16.725490196078432,25
2025-26,1610612740,NOP,New Orleans Pelicans,Post-ASG,18,9.722222222222221,16.555555555555557,22
2025-26,1610612740,NOP,New Orleans Pelicans,Pre-ASG,51,10.490196078431373,17.568627450980394,27
2025-26,1610612741,CHI,Chicago Bulls,Post-ASG,19,10.368421052631579,21.57894736842105,27
2025-26,1610612741,CHI,Chicago Bulls,Pre-ASG,50,10.62,20.14,28
2025-26,1610612742,DAL,Dallas Mavericks,Post-ASG,16,10.8125,18.5,22
2025-26,1610612742,DAL,Dallas Mavericks,Pre-ASG,47,11.085106382978724,19.127659574468087,29
2025-26,1610612743,DEN,Denver Nuggets,Post-ASG,22,10.818181818181818,14.318181818181818,20
2025-26,1610612743,DEN,Denver Nuggets,Pre-ASG,51,10.215686274509803,13.862745098039216,20
2025-26,1610612744,GSW,Golden State Warriors,Post-ASG,20,10.7,21.45,30
2025-26,1610612744,GSW,Golden State Warriors,Pre-ASG,51,11.686274509803921,20.07843137254902,28
2025-26,1610612745,HOU,Houston Rockets,Post-ASG,23,10.478260869565217,16.0,22
2025-26,1610612745,HOU,Houston Rockets,Pre-ASG,50,10.34,17.48,23
2025-26,1610612746,LAC,LA Clippers,Post-ASG,21,11.095238095238095,14.952380952380953,18
2025-26,1610612746,LAC,LA Clippers,Pre-ASG,49,11.142857142857142,14.16326530612245,20
2025-26,1610612747,LAL,Los Angeles Lakers,Post-ASG,22,10.818181818181818,16.136363636363637,23
2025-26,1610612747,LAL,Los Angeles Lakers,Pre-ASG,50,10.86,16.34,22
2025-26,1610612748,MIA,Miami Heat,Post-ASG,21,10.857142857142858,14.047619047619047,20
2025-26,1610612748,MIA,Miami Heat,Pre-ASG,50,10.52,14.0,19
2025-26,1610612749,MIL,Milwaukee Bucks,Post-ASG,24,10.875,15.416666666666666,23
2025-26,1610612749,MIL,Milwaukee Bucks,Pre-ASG,51,10.96078431372549,14.627450980392156,21
2025-26,1610612750,MIN,Minnesota Timberwolves,Post-ASG,22,10.590909090909092,15.772727272727273,20
2025-26,1610612750,MIN,Minnesota Timberwolves,Pre-ASG,52,11.076923076923077,16.807692307692307,23
2025-26,1610612751,BKN,Brooklyn Nets,Post-ASG,22,10.909090909090908,13.136363636363637,17
2025-26,1610612751,BKN,Brooklyn Nets,Pre-ASG,50,10.72,13.82,23
2025-26,1610612752,NYK,New York Knicks,Post-ASG,20,11.4,15.6,20
2025-26,1610612752,NYK,New York Knicks,Pre-ASG,50,11.36,17.12,23
2025-26,1610612753,ORL,Orlando Magic,Post-ASG,20,11.05,15.5,19
2025-26,1610612753,ORL,Orlando Magic,Pre-ASG,51,11.07843137254902,15.431372549019608,23
2025-26,1610612754,IND,Indiana Pacers,Post-ASG,19,10.368421052631579,18.473684210526315,25
2025-26,1610612754,IND,Indiana Pacers,Pre-ASG,52,11.48076923076923,18.365384615384617,26
2025-26,1610612755,PHI,Philadelphia 76ers,Post-ASG,24,10.916666666666666,14.083333333333334,17
2025-26,1610612755,PHI,Philadelphia 76ers,Pre-ASG,51,10.352941176470589,15.568627450980392,20
2025-26,1610612756,PHX,Phoenix Suns,Post-ASG,18,11.0,16.833333333333332,23
2025-26,1610612756,PHX,Phoenix Suns,Pre-ASG,51,11.215686274509803,15.745098039215685,22
2025-26,1610612757,POR,Portland Trail Blazers,Post-ASG,17,11.352941176470589,17.470588235294116,23
2025-26,1610612757,POR,Portland Trail Blazers,Pre-ASG,51,10.588235294117647,19.901960784313726,26
2025-26,1610612758,SAC,Sacramento Kings,Post-ASG,21,9.476190476190476,13.80952380952381,17
2025-26,1610612758,SAC,Sacramento Kings,Pre-ASG,52,10.115384615384615,15.288461538461538,23
2025-26,1610612759,SAS,San Antonio Spurs,Post-ASG,23,11.73913043478261,17.608695652173914,23
2025-26,1610612759,SAS,San Antonio Spurs,Pre-ASG,51,11.254901960784315,19.647058823529413,26
2025-26,1610612760,OKC,Oklahoma City Thunder,Post-ASG,20,11.65,17.5,27
2025-26,1610612760,OKC,Oklahoma City Thunder,Pre-ASG,51,11.03921568627451,17.784313725490197,26
2025-26,1610612761,TOR,Toronto Raptors,Post-ASG,23,12.173913043478262,18.956521739130434,24
2025-26,1610612761,TOR,Toronto Raptors,Pre-ASG,51,11.117647058823529,19.666666666666668,28
2025-26,1610612762,UTA,Utah Jazz,Post-ASG,20,9.2,13.95,20
2025-26,1610612762,UTA,Utah Jazz,Pre-ASG,52,10.288461538461538,15.961538461538462,25
2025-26,1610612763,MEM,Memphis Grizzlies,Post-ASG,18,9.666666666666666,13.277777777777779,21
2025-26,1610612763,MEM,Memphis Grizzlies,Pre-ASG,48,10.666666666666666,16.5,28
2025-26,1610612764,WAS,Washington Wizards,Post-ASG,16,9.5,13.4375,18
2025-26,1610612764,WAS,Washington Wizards,Pre-ASG,49,11.448979591836734,15.26530612244898,24
2025-26,1610612765,DET,Detroit Pistons,Post-ASG,22,11.818181818181818,17.40909090909091,29
2025-26,1610612765,DET,Detroit Pistons,Pre-ASG,48,11.0625,19.604166666666668,28
2025-26,1610612766,CHA,Charlotte Hornets,Post-ASG,21,11.714285714285714,20.714285714285715,25
2025-26,1610612766,CHA,Charlotte Hornets,Pre-ASG,53,10.773584905660377,20.037735849056602,26
