season,TEAM_ID,TEAM_ABBREVIATION,TEAM_NAME,games_played_post_asg,games_played_pre_asg,win_pct_post_asg,win_pct_pre_asg,wins_post_asg,wins_pre_asg,season_length,projected_wins_before_asg,actual_wins,projection_difference,post_asg_win_pct_drop,avg_starter_minutes_per_game_post_asg,avg_starter_minutes_per_game_pre_asg,avg_starter_minutes_per_player_post_asg,avg_starter_minutes_per_player_pre_asg,total_starter_minutes_post_asg,total_starter_minutes_pre_asg,starter_minutes_change_per_game,avg_players_used_post_asg,avg_players_used_pre_asg,avg_unique_lineups_post_asg,avg_unique_lineups_pre_asg,max_lineups_in_game_post_asg,max_lineups_in_game_pre_asg,players_used_change,lineups_used_change,win_projection_drop,starter_minutes_drop,players_used_increase,lineup_experimentation_increase,raw_tanking_score,lottery_candidate,tanking_score,score_note
2021-22,1610612757,POR,Portland Trail Blazers,23.0,59.0,0.0869565217391304,0.423728813559322,2.0,25.0,82,34.74576271186441,27.0,-7.745762711864408,-0.33677229182019164,151.37608695652173,163.4090395480226,30.27521739130435,32.68180790960452,3481.65,9641.133333333331,-12.032952591500871,10.2,10.571428571428571,14.2,13.387755102040815,17.0,19.0,-0.3714285714285719,0.8122448979591823,7.745762711864408,12.032952591500871,-0.3714285714285719,0.8122448979591823,20.21953162989589,True,20.21953162989589,Included in tanking score
2022-23,1610612757,POR,Portland Trail Blazers,24.0,58.0,0.2083333333333333,0.4827586206896552,5.0,28.0,82,39.58620689655172,33.0,-6.586206896551722,-0.2744252873563219,159.42222222222222,169.19022988505748,31.884444444444444,33.83804597701149,3826.133333333333,9813.033333333333,-9.76800766283526,9.444444444444445,10.018181818181818,13.0,12.745454545454546,15.0,19.0,-0.573737373737373,0.2545454545454539,6.586206896551722,9.76800766283526,-0.573737373737373,0.2545454545454539,16.035022640195063,True,16.035022640195063,Included in tanking score
2020-21,1610612760,OKC,Oklahoma City Thunder,36.0,36.0,0.1944444444444444,0.4166666666666667,7.0,15.0,72,30.0,22.0,-8.0,-0.2222222222222223,149.2357142857143,154.94583333333333,29.847142857142856,30.98916666666667,5223.25,5578.05,-5.710119047619031,9.833333333333334,10.0,13.166666666666666,12.565217391304348,18.0,18.0,-0.166666666666666,0.6014492753623184,8.0,5.710119047619031,-0.166666666666666,0.6014492753623184,14.144901656314683,True,14.144901656314683,Included in tanking score
2024-25,1610612751,BKN,Brooklyn Nets,28.0,54.0,0.2142857142857142,0.3703703703703703,6.0,20.0,82,30.370370370370363,26.0,-4.370370370370363,-0.1560846560846561,145.97261904761905,153.17777777777778,29.194523809523808,30.635555555555555,4087.233333333333,8271.6,-7.205158730158729,10.714285714285714,10.22222222222222,16.0,15.851851851851851,19.0,23.0,0.4920634920634921,0.1481481481481488,4.370370370370363,7.205158730158729,0.4920634920634921,0.1481481481481488,12.215740740740733,True,12.215740740740733,Included in tanking score
2020-21,1610612739,CLE,Cleveland Cavaliers,36.0,36.0,0.2222222222222222,0.3888888888888889,8.0,14.0,72,28.0,22.0,-6.0,-0.16666666666666669,161.4875,166.84768518518518,32.2975,33.369537037037034,5813.55,6006.516666666666,-5.360185185185173,10.391304347826088,10.217391304347826,14.173913043478262,14.869565217391305,19.0,20.0,0.1739130434782616,-0.695652173913043,6.0,5.360185185185173,0.1739130434782616,-0.695652173913043,10.838446054750392,True,10.838446054750392,Included in tanking score
2025-26,1610612749,MIL,Milwaukee Bucks,29.0,53.0,0.3103448275862069,0.4339622641509434,9.0,23.0,82,35.58490566037736,32.0,-3.584905660377359,-0.1236174365647365,152.62126436781608,159.15942028985506,30.524252873563217,31.831884057971013,4426.016666666666,3660.6666666666665,-6.538155922038982,10.875,10.96078431372549,15.416666666666666,14.627450980392156,23.0,21.0,-0.0857843137254903,0.7892156862745097,3.584905660377359,6.538155922038982,-0.0857843137254903,0.7892156862745097,10.82649295496536,True,10.82649295496536,Included in tanking score
2020-21,1610612754,IND,Indiana Pacers,37.0,35.0,0.4864864864864865,0.4571428571428571,18.0,16.0,72,32.91428571428571,34.0,1.085714285714289,0.02934362934362944,159.0265765765766,169.40857142857143,31.805315315315315,33.88171428571429,5883.983333333334,5929.3,-10.381994851994849,10.76923076923077,9.947368421052632,13.26923076923077,12.578947368421051,18.0,16.0,0.8218623481781382,0.690283400809717,-1.085714285714289,10.381994851994849,0.8218623481781382,0.690283400809717,10.808426315268415,True,10.808426315268415,Included in tanking score
2020-21,1610612741,CHI,Chicago Bulls,38.0,34.0,0.3947368421052631,0.4705882352941176,15.0,16.0,72,33.882352941176464,31.0,-2.882352941176464,-0.07585139318885448,151.66228070175438,159.75,30.33245614035088,31.95,5763.166666666667,5431.5,-8.087719298245617,11.083333333333334,10.15,15.75,17.25,21.0,24.0,0.9333333333333336,-1.5,2.882352941176464,8.087719298245617,0.9333333333333336,-1.5,10.403405572755414,True,10.403405572755414,Included in tanking score
2024-25,1610612755,PHI,Philadelphia 76ers,28.0,54.0,0.1428571428571428,0.3703703703703703,4.0,20.0,82,30.370370370370363,24.0,-6.370370370370363,-0.2275132275132275,163.35416666666669,167.67654320987654,32.670833333333334,33.535308641975305,4573.916666666667,9054.533333333333,-4.322376543209856,10.1,10.407407407407408,15.1,15.48148148148148,19.0,21.0,-0.3074074074074069,-0.3814814814814813,6.370370370370363,4.322376543209856,-0.3074074074074069,-0.3814814814814813,10.003858024691331,True,10.003858024691331,Included in tanking score
2021-22,1610612766,CHA,Charlotte Hornets,22.0,60.0,0.6363636363636364,0.4833333333333333,14.0,29.0,82,39.633333333333326,43.0,3.3666666666666742,0.15303030303030307,157.70833333333334,168.4702777777778,31.541666666666668,33.69405555555556,3469.583333333333,10108.216666666667,-10.761944444444453,11.142857142857142,10.12,16.0,15.28,21.0,21.0,1.0228571428571431,0.7200000000000006,-3.3666666666666742,10.761944444444453,1.0228571428571431,0.7200000000000006,9.138134920634922,True,9.138134920634922,Included in tanking score
2024-25,1610612740,NOP,New Orleans Pelicans,27.0,55.0,0.2962962962962963,0.2363636363636363,8.0,13.0,82,19.381818181818176,21.0,1.6181818181818244,0.059932659932659976,149.45617283950617,161.56363636363636,29.891234567901236,32.31272727272727,4035.3166666666666,8886.0,-12.107463524130196,9.5,10.145454545454545,14.583333333333334,15.709090909090907,18.0,23.0,-0.6454545454545446,-1.125757575757575,-1.6181818181818244,12.107463524130196,-0.6454545454545446,-1.125757575757575,8.718069584736252,True,8.718069584736252,Included in tanking score
2024-25,1610612759,SAS,San Antonio Spurs,30.0,52.0,0.3666666666666666,0.4423076923076923,11.0,23.0,82,36.26923076923077,34.0,-2.2692307692307665,-0.0756410256410257,148.9911111111111,154.17385620915033,29.798222222222225,30.834771241830065,4469.733333333334,7862.866666666667,-5.18274509803922,11.5,11.403846153846152,17.0,16.03846153846154,24.0,22.0,0.0961538461538467,0.96153846153846,2.2692307692307665,5.18274509803922,0.0961538461538467,0.96153846153846,8.509668174962293,True,8.509668174962293,Included in tanking score
2025-26,1610612742,DAL,Dallas Mavericks,28.0,54.0,0.25,0.3518518518518518,7.0,19.0,82,28.851851851851848,26.0,-2.8518518518518476,-0.1018518518518518,148.0315476190476,154.40072463768115,29.60630952380952,30.880144927536232,4144.883333333333,3551.2166666666667,-6.369177018633536,10.8125,11.085106382978724,18.5,19.127659574468087,22.0,29.0,-0.2726063829787239,-0.6276595744680868,2.8518518518518476,6.369177018633536,-0.2726063829787239,-0.6276595744680868,8.320762913038573,True,8.320762913038573,Included in tanking score
2022-23,1610612737,ATL,Atlanta Hawks,23.0,59.0,0.5217391304347826,0.4915254237288136,12.0,29.0,82,40.30508474576271,41.0,0.6949152542372872,0.030213706705969012,156.97608695652173,165.9138418079096,31.395217391304342,33.18276836158192,3610.45,9788.916666666666,-8.937754851387865,11.2,10.456140350877194,12.5,13.210526315789474,15.0,22.0,0.7438596491228058,-0.7105263157894743,-0.6949152542372872,8.937754851387865,0.7438596491228058,-0.7105263157894743,8.27617293048391,True,8.27617293048391,Included in tanking score
2020-21,1610612765,DET,Detroit Pistons,36.0,36.0,0.2777777777777778,0.2777777777777778,10.0,10.0,72,20.0,20.0,0.0,0.0,147.67268518518517,155.575,29.534537037037037,31.115,5316.216666666666,5600.7,-7.902314814814815,10.8,10.772727272727272,13.8,13.727272727272728,19.0,19.0,0.0272727272727273,0.072727272727274,-0.0,7.902314814814815,0.0272727272727273,0.072727272727274,8.002314814814817,True,8.002314814814817,Included in tanking score
2024-25,1610612756,PHX,Phoenix Suns,28.0,54.0,0.3571428571428571,0.4814814814814814,10.0,26.0,82,39.481481481481474,36.0,-3.481481481481474,-0.1243386243386243,157.4011904761905,162.075,31.480238095238096,32.415,4407.233333333334,8752.05,-4.673809523809496,11.444444444444445,10.555555555555555,15.88888888888889,17.11111111111111,22.0,26.0,0.8888888888888893,-1.2222222222222214,3.481481481481474,4.673809523809496,0.8888888888888893,-1.2222222222222214,7.821957671957637,True,7.821957671957637,Included in tanking score
2020-21,1610612753,ORL,Orlando Magic,36.0,36.0,0.2222222222222222,0.3611111111111111,8.0,13.0,72,26.0,21.0,-5.0,-0.1388888888888889,152.1810185185185,154.09305555555557,30.436203703703704,30.818611111111117,5478.516666666666,5547.35,-1.9120370370370663,10.047619047619047,10.1,13.095238095238097,12.4,21.0,16.0,-0.0523809523809521,0.6952380952380945,5.0,1.9120370370370663,-0.0523809523809521,0.6952380952380945,7.554894179894209,True,7.554894179894209,Included in tanking score
2021-22,1610612747,LAL,Los Angeles Lakers,24.0,58.0,0.25,0.4655172413793103,6.0,27.0,82,38.172413793103445,33.0,-5.172413793103445,-0.21551724137931028,159.03819444444443,161.99137931034485,31.80763888888889,32.398275862068964,3816.9166666666665,9395.5,-2.953184865900397,10.142857142857142,10.1875,16.857142857142858,17.5625,24.0,25.0,-0.0446428571428576,-0.7053571428571423,5.172413793103445,2.953184865900397,-0.0446428571428576,-0.7053571428571423,7.375598659003842,True,7.375598659003842,Included in tanking score
2024-25,1610612766,CHA,Charlotte Hornets,30.0,52.0,0.2,0.25,6.0,13.0,82,20.5,19.0,-1.5,-0.04999999999999999,149.80444444444444,157.07371794871796,29.96088888888889,31.414743589743587,4494.133333333333,8167.833333333333,-7.269273504273514,10.22222222222222,10.615384615384617,16.333333333333332,17.692307692307693,19.0,25.0,-0.3931623931623935,-1.3589743589743613,1.5,7.269273504273514,-0.3931623931623935,-1.3589743589743613,7.017136752136759,True,7.017136752136759,Included in tanking score
2025-26,1610612754,IND,Indiana Pacers,27.0,55.0,0.1481481481481481,0.2727272727272727,4.0,15.0,82,22.363636363636363,19.0,-3.3636363636363633,-0.1245791245791246,147.62777777777777,152.03533333333334,29.525555555555552,30.407066666666665,3985.95,3800.883333333333,-4.407555555555575,10.36842105263158,11.48076923076923,18.473684210526315,18.365384615384617,25.0,26.0,-1.1123481781376512,0.1082995951416982,3.3636363636363633,4.407555555555575,-1.1123481781376512,0.1082995951416982,6.767143336195986,True,6.767143336195986,Included in tanking score
2023-24,1610612737,ATL,Atlanta Hawks,27.0,55.0,0.4444444444444444,0.4363636363636363,12.0,24.0,82,35.781818181818174,36.0,0.2181818181818258,0.008080808080808133,164.07407407407408,168.94848484848484,32.81481481481482,33.78969696969697,4430.0,9292.166666666666,-4.874410774410762,9.851851851851851,9.690909090909091,13.333333333333334,11.78181818181818,18.0,18.0,0.1609427609427598,1.5515151515151526,-0.2181818181818258,4.874410774410762,0.1609427609427598,1.5515151515151526,6.368686868686849,True,6.368686868686849,Included in tanking score
2024-25,1610612762,UTA,Utah Jazz,28.0,54.0,0.1428571428571428,0.2407407407407407,4.0,13.0,82,19.740740740740737,17.0,-2.740740740740737,-0.0978835978835979,150.71964285714284,154.13734567901233,30.143928571428567,30.827469135802467,4220.15,8323.416666666666,-3.417702821869483,10.125,10.333333333333334,14.5,14.351851851851851,19.0,22.0,-0.2083333333333339,0.1481481481481488,2.740740740740737,3.417702821869483,-0.2083333333333339,0.1481481481481488,6.098258377425035,True,6.098258377425035,Included in tanking score
2023-24,1610612761,TOR,Toronto Raptors,27.0,55.0,0.2222222222222222,0.3454545454545454,6.0,19.0,82,28.327272727272724,25.0,-3.3272727272727245,-0.1232323232323232,158.87716049382718,162.73303030303032,31.77543209876543,32.54660606060607,4289.683333333333,8950.316666666668,-3.855869809203142,10.185185185185183,10.563636363636364,14.407407407407408,15.709090909090907,20.0,23.0,-0.3784511784511792,-1.3016835016835024,3.3272727272727245,3.855869809203142,-0.3784511784511792,-1.3016835016835024,5.503007856341185,True,5.503007856341185,Included in tanking score
2025-26,1610612751,BKN,Brooklyn Nets,29.0,53.0,0.1724137931034483,0.2830188679245283,5.0,15.0,82,23.20754716981132,20.0,-3.2075471698113205,-0.11060507482108001,142.151724137931,144.5525641025641,28.430344827586204,28.91051282051282,4122.4,3758.366666666667,-2.400839964633093,10.909090909090908,10.72,13.136363636363637,13.82,17.0,23.0,0.1890909090909076,-0.6836363636363636,3.2075471698113205,2.400839964633093,0.1890909090909076,-0.6836363636363636,5.113841679898957,True,5.113841679898957,Included in tanking score
2025-26,1610612741,CHI,Chicago Bulls,27.0,55.0,0.2592592592592592,0.4363636363636363,7.0,24.0,82,35.781818181818174,31.0,-4.781818181818174,-0.1771043771043771,152.55,151.53397435897435,30.51,30.30679487179487,4118.85,3939.883333333333,1.0160256410256636,10.36842105263158,10.62,21.57894736842105,20.14,27.0,28.0,-0.2515789473684204,1.4389473684210508,4.781818181818174,-1.0160256410256636,-0.2515789473684204,1.4389473684210508,4.953160961845141,True,4.953160961845141,Included in tanking score
2021-22,1610612740,NOP,New Orleans Pelicans,23.0,59.0,0.5652173913043478,0.3898305084745763,13.0,23.0,82,31.966101694915256,36.0,4.033898305084744,0.1753868828297715,152.15579710144928,161.6045197740113,30.431159420289852,32.320903954802255,3499.583333333333,9534.666666666666,-9.448722672562011,11.083333333333334,10.695652173913045,14.583333333333334,15.521739130434783,19.0,23.0,0.3876811594202909,-0.9384057971014492,-4.033898305084744,9.448722672562011,0.3876811594202909,-0.9384057971014492,4.864099729796109,True,4.864099729796109,Included in tanking score
2021-22,1610612764,WAS,Washington Wizards,24.0,58.0,0.3333333333333333,0.4655172413793103,8.0,27.0,82,38.172413793103445,35.0,-3.172413793103445,-0.13218390804597696,151.80555555555557,154.91522988505747,30.36111111111111,30.983045977011496,3643.3333333333335,8985.083333333334,-3.1096743295019,10.307692307692308,10.840909090909092,13.923076923076923,15.113636363636363,17.0,21.0,-0.5332167832167833,-1.19055944055944,3.172413793103445,3.1096743295019,-0.5332167832167833,-1.19055944055944,4.558311898829121,True,4.558311898829121,Included in tanking score
2020-21,1610612766,CHA,Charlotte Hornets,37.0,35.0,0.4324324324324324,0.4857142857142857,16.0,17.0,72,34.97142857142857,33.0,-1.971428571428568,-0.05328185328185331,162.12252252252253,163.01523809523812,32.424504504504505,32.60304761904762,5998.533333333334,5705.533333333334,-0.8927155727155878,11.0,9.578947368421051,17.23076923076923,17.0,21.0,22.0,1.421052631578947,0.2307692307692299,1.971428571428568,0.8927155727155878,1.421052631578947,0.2307692307692299,4.515966006492333,True,4.515966006492333,Included in tanking score
2022-23,1610612761,TOR,Toronto Raptors,23.0,59.0,0.5652173913043478,0.4745762711864407,13.0,28.0,82,38.91525423728814,41.0,2.0847457627118615,0.09064112011790709,170.66086956521738,176.14802259887006,34.132173913043474,35.229604519774014,3925.2,10392.733333333334,-5.487153033652675,11.11111111111111,10.0,12.555555555555555,13.25,16.0,18.0,1.1111111111111107,-0.6944444444444446,-2.0847457627118615,5.487153033652675,1.1111111111111107,-0.6944444444444446,3.819073937607479,True,3.819073937607479,Included in tanking score
2020-21,1610612740,NOP,New Orleans Pelicans,36.0,36.0,0.4444444444444444,0.4166666666666667,16.0,15.0,72,30.0,31.0,1.0,0.027777777777777735,158.5125,162.59768518518518,31.7025,32.51953703703703,5706.45,5853.516666666666,-4.085185185185196,10.227272727272728,10.423076923076923,13.772727272727272,12.884615384615383,19.0,18.0,-0.1958041958041967,0.8881118881118883,-1.0,4.085185185185196,-0.1958041958041967,0.8881118881118883,3.7774928774928878,True,3.7774928774928878,Included in tanking score
2025-26,1610612746,LAC,LA Clippers,28.0,54.0,0.5714285714285714,0.4814814814814814,16.0,26.0,82,39.481481481481474,42.0,2.518518518518526,0.08994708994709,149.5261904761905,154.99466666666666,29.905238095238097,30.998933333333333,4186.733333333334,3874.866666666667,-5.468476190476167,11.095238095238097,11.142857142857142,14.952380952380953,14.16326530612245,18.0,20.0,-0.0476190476190474,0.7891156462585034,-2.518518518518526,5.468476190476167,-0.0476190476190474,0.7891156462585034,3.691454270597097,True,3.691454270597097,Included in tanking score
2025-26,1610612766,CHA,Charlotte Hornets,27.0,55.0,0.6666666666666666,0.4727272727272727,18.0,26.0,82,38.763636363636365,44.0,5.2363636363636346,0.1939393939393939,145.80555555555554,151.54679487179487,29.16111111111111,30.30935897435897,3936.75,3940.2166666666662,-5.74123931623933,11.714285714285714,10.773584905660377,20.714285714285715,20.0377358490566,25.0,26.0,0.940700808625337,0.6765498652291129,-5.2363636363636346,5.74123931623933,0.940700808625337,0.6765498652291129,2.1221263537301454,True,2.1221263537301454,Included in tanking score
2022-23,1610612754,IND,Indiana Pacers,22.0,60.0,0.4090909090909091,0.4333333333333333,9.0,26.0,82,35.53333333333333,35.0,-0.5333333333333314,-0.024242424242424176,151.9909090909091,155.025,30.39818181818182,31.005,3343.8,9301.5,-3.0340909090909065,10.0,10.689655172413794,14.88888888888889,15.775862068965518,18.0,23.0,-0.6896551724137936,-0.8869731800766285,0.5333333333333314,3.0340909090909065,-0.6896551724137936,-0.8869731800766285,1.9907958899338158,True,1.9907958899338158,Included in tanking score
2020-21,1610612761,TOR,Toronto Raptors,36.0,36.0,0.2777777777777778,0.4722222222222222,10.0,17.0,72,34.0,27.0,-7.0,-0.19444444444444442,168.74814814814815,167.23425925925926,33.74962962962963,33.446851851851854,6074.933333333333,6020.433333333333,1.5138888888888855,9.76,11.045454545454543,13.52,15.863636363636363,20.0,19.0,-1.2854545454545452,-2.343636363636364,7.0,-1.5138888888888855,-1.2854545454545452,-2.343636363636364,1.857020202020205,True,1.857020202020205,Included in tanking score
2022-23,1610612762,UTA,Utah Jazz,22.0,60.0,0.3636363636363636,0.4833333333333333,8.0,29.0,82,39.633333333333326,37.0,-2.6333333333333258,-0.11969696969696969,154.26515151515153,155.88722222222222,30.853030303030305,31.177444444444447,3393.833333333333,9353.233333333334,-1.6220707070706908,10.22222222222222,10.864406779661016,12.666666666666666,14.59322033898305,18.0,20.0,-0.6421845574387959,-1.926553672316384,2.6333333333333258,1.6220707070706908,-0.6421845574387959,-1.926553672316384,1.6866658106488366,True,1.6866658106488366,Included in tanking score
2024-25,1610612737,ATL,Atlanta Hawks,27.0,55.0,0.5185185185185185,0.4727272727272727,14.0,26.0,82,38.763636363636365,40.0,1.2363636363636346,0.04579124579124577,158.28024691358024,160.05771604938272,31.65604938271605,32.01154320987654,4273.566666666667,8643.116666666667,-1.7774691358024768,9.5,9.836363636363636,14.75,14.436363636363636,20.0,22.0,-0.336363636363636,0.3136363636363644,-1.2363636363636346,1.7774691358024768,-0.336363636363636,0.3136363636363644,0.5183782267115706,True,0.5183782267115706,Included in tanking score
2021-22,1610612754,IND,Indiana Pacers,22.0,60.0,0.2272727272727272,0.3333333333333333,5.0,20.0,82,27.333333333333332,25.0,-2.333333333333332,-0.1060606060606061,163.11060606060607,162.01916666666665,32.622121212121215,32.40383333333333,3588.4333333333334,9721.15,1.0914393939394245,9.3,10.63265306122449,17.1,16.857142857142858,21.0,22.0,-1.3326530612244891,0.2428571428571437,2.333333333333332,-1.0914393939394245,-1.3326530612244891,0.2428571428571437,0.15209802102656225,True,0.15209802102656225,Included in tanking score
2020-21,1610612755,PHI,Philadelphia 76ers,36.0,36.0,0.6944444444444444,0.6666666666666666,25.0,24.0,72,48.0,49.0,1.0,0.02777777777777779,145.4611111111111,162.1638888888889,29.092222222222222,32.43277777777777,5236.6,5837.9,-16.702777777777783,12.0,10.714285714285714,15.304347826086955,14.80952380952381,20.0,22.0,1.2857142857142865,0.4948240165631468,-1.0,16.702777777777783,1.2857142857142865,0.4948240165631468,17.483316080055214,False,0.0,Playoff/above-.500 team: score set to 0
2020-21,1610612751,BKN,Brooklyn Nets,35.0,37.0,0.6857142857142857,0.6486486486486487,24.0,24.0,72,46.70270270270271,48.0,1.2972972972972912,0.037065637065637036,156.30333333333334,162.17972972972973,31.26066666666667,32.435945945945946,5470.616666666667,6000.65,-5.8763963963963874,10.434782608695652,10.25,16.304347826086957,13.75,20.0,20.0,0.1847826086956523,2.554347826086957,-1.2972972972972912,5.8763963963963874,0.1847826086956523,2.554347826086957,7.318229533881706,False,0.0,Playoff/above-.500 team: score set to 0
2020-21,1610612752,NYK,New York Knicks,35.0,37.0,0.6285714285714286,0.5135135135135135,22.0,19.0,72,36.97297297297297,41.0,4.027027027027032,0.11505791505791507,167.44460784313725,160.1301801801802,33.488921568627454,32.02603603603603,5693.116666666667,5924.816666666667,7.314427662957058,10.666666666666666,10.714285714285714,11.916666666666666,11.428571428571429,16.0,16.0,-0.0476190476190474,0.4880952380952372,-4.027027027027032,-7.314427662957058,-0.0476190476190474,0.4880952380952372,-10.9009784995079,False,0.0,Playoff/above-.500 team: score set to 0
2020-21,1610612750,MIN,Minnesota Timberwolves,36.0,36.0,0.4444444444444444,0.1944444444444444,16.0,7.0,72,13.999999999999996,23.0,9.000000000000004,0.25,156.02499999999998,148.3175925925926,31.205,29.66351851851852,5616.9,5339.433333333333,7.707407407407373,10.695652173913045,11.041666666666666,15.434782608695652,15.666666666666666,19.0,21.0,-0.346014492753623,-0.2318840579710137,-9.000000000000004,-7.707407407407373,-0.346014492753623,-0.2318840579710137,-17.28530595813201,True,0.0,Included in tanking score
2020-21,1610612749,MIL,Milwaukee Bucks,36.0,36.0,0.6666666666666666,0.6111111111111112,24.0,22.0,72,44.0,46.0,2.0,0.05555555555555547,156.22592592592594,154.64722222222224,31.245185185185186,30.92944444444445,5624.133333333333,5567.3,1.5787037037036953,10.84,10.857142857142858,18.8,18.52380952380953,26.0,26.0,-0.0171428571428577,0.2761904761904752,-2.0,-1.5787037037036953,-0.0171428571428577,0.2761904761904752,-3.319656084656078,False,0.0,Playoff/above-.500 team: score set to 0
2020-21,1610612747,LAL,Los Angeles Lakers,35.0,37.0,0.5142857142857142,0.6486486486486487,18.0,24.0,72,46.70270270270271,42.0,-4.702702702702709,-0.13436293436293445,155.07428571428574,152.86261261261262,31.014857142857142,30.57252252252253,5427.6,5655.916666666667,2.2116731016731137,11.16,11.0,14.76,14.363636363636363,18.0,23.0,0.1600000000000001,0.3963636363636365,4.702702702702709,-2.2116731016731137,0.1600000000000001,0.3963636363636365,3.0473932373932318,False,0.0,Playoff/above-.500 team: score set to 0
2020-21,1610612748,MIA,Miami Heat,36.0,36.0,0.6111111111111112,0.5,22.0,18.0,72,36.0,40.0,4.0,0.11111111111111116,160.25833333333333,164.51388888888889,32.05166666666667,32.90277777777778,5769.3,5922.5,-4.25555555555556,10.5,9.904761904761903,14.590909090909092,14.80952380952381,19.0,19.0,0.5952380952380949,-0.2186147186147184,-4.0,4.25555555555556,0.5952380952380949,-0.2186147186147184,0.6321789321789365,False,0.0,Playoff/above-.500 team: score set to 0
2020-21,1610612756,PHX,Phoenix Suns,37.0,35.0,0.7297297297297297,0.6857142857142857,27.0,24.0,72,49.371428571428574,51.0,1.6285714285714263,0.044015444015443994,159.240990990991,159.08904761904762,31.8481981981982,31.81780952380953,5891.916666666667,5568.116666666667,0.1519433719433891,11.04,11.521739130434783,13.72,14.652173913043478,20.0,20.0,-0.481739130434784,-0.932173913043478,-1.6285714285714263,-0.1519433719433891,-0.481739130434784,-0.932173913043478,-3.1944278439930773,False,0.0,Playoff/above-.500 team: score set to 0
2020-21,1610612738,BOS,Boston Celtics,36.0,36.0,0.4722222222222222,0.5277777777777778,17.0,19.0,72,38.0,36.0,-2.0,-0.05555555555555558,161.04398148148147,152.81342592592594,32.20879629629629,30.562685185185188,5797.583333333333,5501.283333333334,8.230555555555526,11.409090909090908,10.96,16.272727272727273,16.84,20.0,22.0,0.4490909090909074,-0.5672727272727265,2.0,-8.230555555555526,0.4490909090909074,-0.5672727272727265,-6.348737373737345,False,0.0,Playoff/above-.500 team: score set to 0
2020-21,1610612737,ATL,Atlanta Hawks,36.0,36.0,0.6944444444444444,0.4444444444444444,25.0,16.0,72,32.0,41.0,9.0,0.25,157.88287037037037,161.95972222222224,31.57657407407407,32.39194444444445,5683.783333333333,5830.55,-4.07685185185187,10.916666666666666,10.761904761904765,13.875,16.666666666666668,19.0,22.0,0.1547619047619033,-2.791666666666668,-9.0,4.07685185185187,0.1547619047619033,-2.791666666666668,-7.560052910052894,True,0.0,Included in tanking score
2020-21,1610612742,DAL,Dallas Mavericks,38.0,34.0,0.631578947368421,0.5294117647058824,24.0,18.0,72,38.11764705882353,42.0,3.882352941176471,0.10216718266253866,157.88377192982455,157.5892156862745,31.57675438596491,31.517843137254903,5999.583333333333,5358.033333333334,0.2945562435500335,10.875,11.05,15.375,15.9,20.0,22.0,-0.1750000000000007,-0.5250000000000004,-3.882352941176471,-0.2945562435500335,-0.1750000000000007,-0.5250000000000004,-4.876909184726506,False,0.0,Playoff/above-.500 team: score set to 0
2020-21,1610612745,HOU,Houston Rockets,38.0,34.0,0.1578947368421052,0.3235294117647059,6.0,11.0,72,23.294117647058826,17.0,-6.294117647058826,-0.1656346749226007,165.18070175438598,158.97794117647058,33.0361403508772,31.79558823529412,6276.866666666667,5405.25,6.202760577915399,9.555555555555555,10.105263157894736,12.851851851851851,14.36842105263158,16.0,22.0,-0.5497076023391809,-1.5165692007797276,6.294117647058826,-6.202760577915399,-0.5497076023391809,-1.5165692007797276,-1.9749197339754812,True,0.0,Included in tanking score
2020-21,1610612746,LAC,LA Clippers,34.0,38.0,0.6764705882352942,0.631578947368421,23.0,24.0,72,45.473684210526315,47.0,1.526315789473685,0.04489164086687314,154.57107843137257,151.12017543859648,30.914215686274517,30.224035087719297,5255.416666666667,5742.566666666667,3.450902992776093,11.090909090909092,10.904761904761903,15.772727272727272,14.80952380952381,20.0,19.0,0.1861471861471866,0.9632034632034632,-1.526315789473685,-3.450902992776093,0.1861471861471866,0.9632034632034632,-3.8278681328991286,False,0.0,Playoff/above-.500 team: score set to 0
2020-21,1610612743,DEN,Denver Nuggets,36.0,36.0,0.7222222222222222,0.5833333333333334,26.0,21.0,72,42.0,47.0,5.0,0.13888888888888884,160.43333333333334,163.27499999999998,32.086666666666666,32.655,5775.6,5877.9,-2.84166666666664,11.0,11.523809523809524,12.521739130434783,13.952380952380953,16.0,20.0,-0.5238095238095237,-1.4306418219461694,-5.0,2.84166666666664,-0.5238095238095237,-1.4306418219461694,-4.112784679089053,False,0.0,Playoff/above-.500 team: score set to 0
2020-21,1610612744,GSW,Golden State Warriors,35.0,37.0,0.5714285714285714,0.5135135135135135,20.0,19.0,72,36.97297297297297,39.0,2.0270270270270316,0.05791505791505791,161.9235294117647,150.67882882882884,32.38470588235294,30.135765765765765,5505.4,5575.116666666667,11.244700582935849,10.695652173913045,11.083333333333334,14.652173913043478,13.708333333333334,20.0,21.0,-0.3876811594202909,0.9438405797101446,-2.0270270270270316,-11.244700582935849,-0.3876811594202909,0.9438405797101446,-12.715568189673027,False,0.0,Playoff/above-.500 team: score set to 0
2021-22,1610612758,SAC,Sacramento Kings,22.0,60.0,0.3636363636363636,0.3666666666666666,8.0,22.0,82,30.06666666666666,30.0,-0.06666666666665932,-0.0030303030303029943,165.99621212121212,160.8013888888889,33.19924242424242,32.16027777777778,3651.9166666666665,9648.083333333334,5.194823232323216,9.833333333333334,10.44,13.25,14.92,18.0,23.0,-0.6066666666666656,-1.67,0.06666666666665932,-5.194823232323216,-0.6066666666666656,-1.67,-7.404823232323222,True,0.0,Included in tanking score
2021-22,1610612756,PHX,Phoenix Suns,24.0,58.0,0.6666666666666666,0.8275862068965517,16.0,48.0,82,67.86206896551724,64.0,-3.8620689655172384,-0.16091954022988508,160.8215277777778,161.2272988505747,32.16430555555556,32.24545977011494,3859.7166666666662,9351.183333333332,-0.4057710727969095,10.692307692307692,10.4,12.76923076923077,13.622222222222222,18.0,21.0,0.2923076923076912,-0.8529914529914517,3.8620689655172384,0.4057710727969095,0.2923076923076912,-0.8529914529914517,3.7071562776303875,False,0.0,Playoff/above-.500 team: score set to 0
2021-22,1610612755,PHI,Philadelphia 76ers,24.0,58.0,0.6666666666666666,0.603448275862069,16.0,35.0,82,49.48275862068965,51.0,1.5172413793103487,0.06321839080459768,168.54930555555555,167.61063218390802,33.70986111111111,33.522126436781605,4045.183333333333,9721.416666666666,0.9386733716475248,10.071428571428571,10.155555555555557,14.5,14.577777777777778,17.0,25.0,-0.0841269841269838,-0.0777777777777775,-1.5172413793103487,-0.9386733716475248,-0.0841269841269838,-0.0777777777777775,-2.617819512862635,False,0.0,Playoff/above-.500 team: score set to 0
2021-22,1610612753,ORL,Orlando Magic,22.0,60.0,0.4090909090909091,0.2166666666666666,9.0,13.0,82,17.766666666666662,22.0,4.233333333333338,0.19242424242424253,150.54696969696968,157.1352777777778,30.10939393939394,31.427055555555555,3312.0333333333333,9428.116666666669,-6.588308080808105,10.11111111111111,10.224489795918368,12.0,14.673469387755102,14.0,22.0,-0.1133786848072571,-2.6734693877551017,-4.233333333333338,6.588308080808105,-0.1133786848072571,-2.6734693877551017,-0.4318733250875919,True,0.0,Included in tanking score
2021-22,1610612751,BKN,Brooklyn Nets,23.0,59.0,0.5652173913043478,0.5254237288135594,13.0,31.0,82,43.08474576271187,44.0,0.9152542372881314,0.03979366249078842,163.31449275362317,161.43813559322035,32.662898550724634,32.28762711864407,3756.233333333333,9524.85,1.8763571604028184,10.0,10.75,15.272727272727272,15.568181818181818,19.0,23.0,-0.75,-0.2954545454545449,-0.9152542372881314,-1.8763571604028184,-0.75,-0.2954545454545449,-3.837065943145495,False,0.0,Playoff/above-.500 team: score set to 0
2021-22,1610612752,NYK,New York Knicks,23.0,59.0,0.5217391304347826,0.423728813559322,12.0,25.0,82,34.74576271186441,37.0,2.2542372881355917,0.09801031687546058,167.78623188405797,160.26101694915255,33.5572463768116,32.05220338983051,3859.0833333333335,9455.4,7.525214934905421,9.363636363636363,10.58695652173913,13.363636363636363,12.478260869565217,16.0,17.0,-1.2233201581027675,0.8853754940711465,-2.2542372881355917,-7.525214934905421,-1.2233201581027675,0.8853754940711465,-10.117396887072633,True,0.0,Included in tanking score
2021-22,1610612749,MIL,Milwaukee Bucks,22.0,60.0,0.6818181818181818,0.6,15.0,36.0,82,49.199999999999996,51.0,1.8000000000000043,0.08181818181818179,157.27121212121213,157.08527777777778,31.454242424242423,31.41705555555556,3459.9666666666667,9425.116666666669,0.1859343434343543,10.357142857142858,10.666666666666666,19.785714285714285,20.041666666666668,26.0,30.0,-0.3095238095238084,-0.2559523809523831,-1.8000000000000043,-0.1859343434343543,-0.3095238095238084,-0.2559523809523831,-2.55141053391055,False,0.0,Playoff/above-.500 team: score set to 0
2021-22,1610612750,MIN,Minnesota Timberwolves,23.0,59.0,0.6521739130434783,0.5254237288135594,15.0,31.0,82,43.08474576271187,46.0,2.9152542372881314,0.1267501842299189,148.3427536231884,159.23220338983052,29.66855072463768,31.846440677966104,3411.883333333333,9394.7,-10.889449766642116,11.6875,11.347826086956522,16.5,16.608695652173914,21.0,22.0,0.3396739130434785,-0.1086956521739139,-2.9152542372881314,10.889449766642116,0.3396739130434785,-0.1086956521739139,8.205173790223549,False,0.0,Playoff/above-.500 team: score set to 0
2021-22,1610612744,GSW,Golden State Warriors,23.0,59.0,0.4782608695652174,0.711864406779661,11.0,42.0,82,58.3728813559322,53.0,-5.372881355932201,-0.2336035372144436,155.4413043478261,151.36016949152545,31.088260869565215,30.27203389830509,3575.15,8930.25,4.081134856300679,10.384615384615383,11.625,16.923076923076923,17.166666666666668,21.0,26.0,-1.240384615384615,-0.2435897435897445,5.372881355932201,-4.081134856300679,-1.240384615384615,-0.2435897435897445,-0.1922278593428377,False,0.0,Playoff/above-.500 team: score set to 0
2021-22,1610612745,HOU,Houston Rockets,24.0,58.0,0.2083333333333333,0.2586206896551724,5.0,15.0,82,21.206896551724135,20.0,-1.2068965517241352,-0.05028735632183909,156.68958333333333,151.62241379310345,31.33791666666667,30.32448275862069,3760.55,8794.1,5.067169540229884,10.384615384615383,10.98,11.076923076923077,14.92,17.0,22.0,-0.5953846153846154,-3.8430769230769233,1.2068965517241352,-5.067169540229884,-0.5953846153846154,-3.8430769230769233,-8.298734526967287,True,0.0,Included in tanking score
2021-22,1610612748,MIA,Miami Heat,23.0,59.0,0.6521739130434783,0.6440677966101694,15.0,38.0,82,52.813559322033896,53.0,0.18644067796610386,0.00810611643330883,158.88840579710146,165.9774011299435,31.77768115942029,33.195480225988696,3654.433333333333,9792.666666666666,-7.088995332842046,10.555555555555555,10.0,11.0,14.369565217391305,13.0,21.0,0.5555555555555554,-3.3695652173913047,-0.18644067796610386,7.088995332842046,0.5555555555555554,-3.3695652173913047,4.088544993040193,False,0.0,Playoff/above-.500 team: score set to 0
2021-22,1610612746,LAC,LA Clippers,21.0,61.0,0.5714285714285714,0.4918032786885246,12.0,30.0,82,40.32786885245901,42.0,1.6721311475409877,0.07962529274004682,153.89603174603175,154.13442622950822,30.779206349206348,30.826885245901643,3231.8166666666666,9402.2,-0.238394483476469,10.2,10.62,12.4,15.1,15.0,21.0,-0.4199999999999999,-2.6999999999999997,-1.6721311475409877,0.238394483476469,-0.4199999999999999,-2.6999999999999997,-4.553736664064518,True,0.0,Included in tanking score
2021-22,1610612743,DEN,Denver Nuggets,24.0,58.0,0.625,0.5689655172413793,15.0,33.0,82,46.6551724137931,48.0,1.3448275862068968,0.05603448275862066,154.87152777777777,156.38477011494254,30.974305555555556,31.27695402298851,3716.9166666666665,9070.316666666668,-1.513242337164769,10.866666666666667,11.10204081632653,13.333333333333334,13.081632653061224,17.0,25.0,-0.2353741496598633,0.2517006802721102,-1.3448275862068968,1.513242337164769,-0.2353741496598633,0.2517006802721102,0.18474128157011904,False,0.0,Playoff/above-.500 team: score set to 0
2021-22,1610612739,CLE,Cleveland Cavaliers,24.0,58.0,0.375,0.603448275862069,9.0,35.0,82,49.48275862068965,44.0,-5.482758620689651,-0.22844827586206895,166.92083333333332,162.65890804597703,33.384166666666665,32.531781609195406,4006.1,9434.216666666667,4.261925287356291,11.0,10.361702127659576,16.46153846153846,15.680851063829786,21.0,24.0,0.6382978723404253,0.7806873977086735,5.482758620689651,-4.261925287356291,0.6382978723404253,0.7806873977086735,2.6398186033824587,False,0.0,Playoff/above-.500 team: score set to 0
2021-22,1610612741,CHI,Chicago Bulls,23.0,59.0,0.3478260869565217,0.6440677966101694,8.0,38.0,82,52.813559322033896,46.0,-6.813559322033896,-0.29624170965364777,166.3608695652174,169.078813559322,33.27217391304348,33.81576271186441,3826.3,9975.65,-2.7179439941046155,10.0,10.458333333333334,13.875,15.3125,19.0,21.0,-0.4583333333333339,-1.4375,6.813559322033896,2.7179439941046155,-0.4583333333333339,-1.4375,7.635669982805178,False,0.0,Playoff/above-.500 team: score set to 0
2021-22,1610612742,DAL,Dallas Mavericks,23.0,59.0,0.7391304347826086,0.5932203389830508,17.0,35.0,82,48.644067796610166,52.0,3.355932203389834,0.14591009579955783,163.4731884057971,160.59717514124293,32.69463768115942,32.11943502824859,3759.883333333333,9475.233333333334,2.8760132645541603,11.0,11.520833333333334,14.272727272727272,16.854166666666668,18.0,26.0,-0.5208333333333339,-2.5814393939393945,-3.355932203389834,-2.8760132645541603,-0.5208333333333339,-2.5814393939393945,-9.334218195216723,False,0.0,Playoff/above-.500 team: score set to 0
2020-21,1610612757,POR,Portland Trail Blazers,37.0,35.0,0.5675675675675675,0.6,21.0,21.0,72,43.199999999999996,42.0,-1.1999999999999957,-0.032432432432432434,162.41216216216216,163.52047619047622,32.48243243243243,32.70409523809524,6009.25,5723.216666666667,-1.1083140283140551,10.32,9.61904761904762,13.36,13.0,19.0,17.0,0.7009523809523817,0.3599999999999994,1.1999999999999957,1.1083140283140551,0.7009523809523817,0.3599999999999994,3.369266409266432,False,0.0,Playoff/above-.500 team: score set to 0
2020-21,1610612758,SAC,Sacramento Kings,36.0,36.0,0.4722222222222222,0.3888888888888889,17.0,14.0,72,28.0,31.0,3.0,0.08333333333333331,166.24120370370372,166.8537037037037,33.24824074074074,33.37074074074074,5984.683333333333,6006.733333333334,-0.612499999999983,10.304347826086955,9.8,14.782608695652174,13.0,20.0,20.0,0.5043478260869563,1.7826086956521738,-3.0,0.612499999999983,0.5043478260869563,1.7826086956521738,-0.10054347826088694,True,0.0,Included in tanking score
2020-21,1610612759,SAS,San Antonio Spurs,40.0,32.0,0.375,0.5625,15.0,18.0,72,40.5,33.0,-7.5,-0.1875,154.88846153846154,153.66770833333334,30.977692307692305,30.733541666666667,6040.65,4917.366666666667,1.2207532051282044,11.5,10.894736842105264,15.791666666666666,15.263157894736842,21.0,18.0,0.6052631578947363,0.5285087719298236,7.5,-1.2207532051282044,0.6052631578947363,0.5285087719298236,7.4130187246963555,False,0.0,Playoff/above-.500 team: score set to 0
2021-22,1610612738,BOS,Boston Celtics,22.0,60.0,0.7727272727272727,0.5666666666666667,17.0,34.0,82,46.46666666666667,51.0,4.533333333333331,0.20606060606060606,165.07575757575756,166.4263888888889,33.01515151515152,33.28527777777778,3631.6666666666665,9985.583333333334,-1.3506313131313448,10.666666666666666,10.844444444444443,13.444444444444445,14.311111111111112,17.0,20.0,-0.1777777777777789,-0.8666666666666671,-4.533333333333331,1.3506313131313448,-0.1777777777777789,-0.8666666666666671,-4.227146464646433,False,0.0,Playoff/above-.500 team: score set to 0
2021-22,1610612737,ATL,Atlanta Hawks,24.0,58.0,0.625,0.4827586206896552,15.0,28.0,82,39.58620689655172,43.0,3.4137931034482776,0.1422413793103448,161.6027777777778,158.01609195402298,32.32055555555556,31.6032183908046,3878.4666666666662,9164.933333333332,3.586685823754806,9.833333333333334,11.041666666666666,13.833333333333334,12.854166666666666,16.0,20.0,-1.208333333333332,0.979166666666668,-3.4137931034482776,-3.586685823754806,-1.208333333333332,0.979166666666668,-7.229645593869748,True,0.0,Included in tanking score
2020-21,1610612762,UTA,Utah Jazz,36.0,36.0,0.6944444444444444,0.75,25.0,27.0,72,54.0,52.0,-2.0,-0.05555555555555558,156.51018518518518,159.25879629629628,31.30203703703704,31.85175925925926,5634.366666666667,5733.316666666667,-2.748611111111103,11.461538461538462,11.333333333333334,10.76923076923077,11.666666666666666,16.0,19.0,0.1282051282051277,-0.897435897435896,2.0,2.748611111111103,0.1282051282051277,-0.897435897435896,3.9793803418803346,False,0.0,Playoff/above-.500 team: score set to 0
2020-21,1610612763,MEM,Memphis Grizzlies,40.0,32.0,0.55,0.5,22.0,16.0,72,36.0,38.0,2.0,0.050000000000000044,149.89666666666668,145.93072916666668,29.979333333333333,29.18614583333333,5995.866666666667,4669.783333333334,3.965937499999996,10.925925925925926,10.157894736842104,14.37037037037037,16.63157894736842,20.0,20.0,0.7680311890838212,-2.261208576998051,-2.0,-3.965937499999996,0.7680311890838212,-2.261208576998051,-7.459114887914225,False,0.0,Playoff/above-.500 team: score set to 0
2020-21,1610612764,WAS,Washington Wizards,38.0,34.0,0.5263157894736842,0.4117647058823529,20.0,14.0,72,29.64705882352941,34.0,4.3529411764705905,0.11455108359133126,159.4061403508772,153.73970588235292,31.88122807017544,30.747941176470587,6057.433333333333,5227.15,5.6664344685242725,10.923076923076923,11.238095238095235,17.46153846153846,17.095238095238095,25.0,23.0,-0.3150183150183139,0.366300366300365,-4.3529411764705905,-5.6664344685242725,-0.3150183150183139,0.366300366300365,-9.968093593712812,True,0.0,Included in tanking score
2022-23,1610612744,GSW,Golden State Warriors,24.0,58.0,0.625,0.5,15.0,29.0,82,41.0,44.0,3.0,0.125,158.87291666666667,160.37988505747126,31.77458333333333,32.07597701149425,3812.95,9302.033333333333,-1.5069683908045874,11.125,10.272727272727272,18.875,17.10909090909091,22.0,23.0,0.8522727272727266,1.7659090909090909,-3.0,1.5069683908045874,0.8522727272727266,1.7659090909090909,1.125150208986405,False,0.0,Playoff/above-.500 team: score set to 0
2022-23,1610612738,BOS,Boston Celtics,23.0,59.0,0.6521739130434783,0.711864406779661,15.0,42.0,82,58.3728813559322,57.0,-1.3728813559322006,-0.05969049373618274,168.2,167.68474576271186,33.64,33.53694915254237,3868.6,9893.4,0.5152542372881328,11.0,10.4,14.0,14.309090909090909,18.0,23.0,0.5999999999999996,-0.3090909090909086,1.3728813559322006,-0.5152542372881328,0.5999999999999996,-0.3090909090909086,1.1485362095531588,False,0.0,Playoff/above-.500 team: score set to 0
2022-23,1610612739,CLE,Cleveland Cavaliers,21.0,61.0,0.6190476190476191,0.6229508196721312,13.0,38.0,82,51.08196721311476,51.0,-0.08196721311475841,-0.0039032006245121043,167.24920634920633,169.94562841530052,33.449841269841265,33.98912568306011,3512.233333333333,10366.683333333332,-2.696422066094186,10.0,9.982758620689657,14.75,16.362068965517242,18.0,25.0,0.0172413793103451,-1.612068965517242,0.08196721311475841,2.696422066094186,0.0172413793103451,-1.612068965517242,1.1835616930020478,False,0.0,Playoff/above-.500 team: score set to 0
2022-23,1610612740,NOP,New Orleans Pelicans,23.0,59.0,0.5217391304347826,0.5084745762711864,12.0,30.0,82,41.69491525423729,42.0,0.30508474576271283,0.013264554163596176,169.1514492753623,157.22203389830509,33.830289855072465,31.44440677966102,3890.483333333333,9276.1,11.929415377057213,10.2,10.436363636363636,13.0,16.90909090909091,15.0,25.0,-0.2363636363636363,-3.90909090909091,-0.30508474576271283,-11.929415377057213,-0.2363636363636363,-3.90909090909091,-16.379954668274472,False,0.0,Playoff/above-.500 team: score set to 0
2021-22,1610612765,DET,Detroit Pistons,24.0,58.0,0.4166666666666667,0.2241379310344827,10.0,13.0,82,18.379310344827584,23.0,4.620689655172416,0.19252873563218398,159.74027777777778,154.35201149425285,31.94805555555556,30.87040229885057,3833.766666666667,8952.416666666666,5.388266283524928,9.636363636363637,10.53191489361702,12.727272727272728,14.127659574468083,20.0,20.0,-0.8955512572533841,-1.4003868471953584,-4.620689655172416,-5.388266283524928,-0.8955512572533841,-1.4003868471953584,-12.304894043146087,True,0.0,Included in tanking score
2021-22,1610612761,TOR,Toronto Raptors,25.0,57.0,0.64,0.5614035087719298,16.0,32.0,82,46.03508771929825,48.0,1.9649122807017534,0.07859649122807022,171.65066666666667,177.3830409356725,34.33013333333333,35.4766081871345,4291.266666666666,10110.833333333334,-5.732374269005845,10.7,10.023255813953488,12.4,14.046511627906977,15.0,20.0,0.6767441860465109,-1.6465116279069765,-1.9649122807017534,5.732374269005845,0.6767441860465109,-1.6465116279069765,2.7976945464436263,False,0.0,Playoff/above-.500 team: score set to 0
2021-22,1610612762,UTA,Utah Jazz,24.0,58.0,0.5416666666666666,0.6206896551724138,13.0,36.0,82,50.896551724137936,49.0,-1.896551724137936,-0.07902298850574718,158.85555555555555,157.4020114942529,31.77111111111111,31.480402298850574,3812.533333333333,9129.316666666668,1.4535440613026651,10.0,10.791666666666666,11.181818181818182,12.395833333333334,18.0,19.0,-0.7916666666666661,-1.2140151515151525,1.896551724137936,-1.4535440613026651,-0.7916666666666661,-1.2140151515151525,-1.5626741553465477,False,0.0,Playoff/above-.500 team: score set to 0
2021-22,1610612759,SAS,San Antonio Spurs,23.0,59.0,0.4782608695652174,0.3898305084745763,11.0,23.0,82,31.966101694915256,34.0,2.033898305084744,0.08843036109064112,158.831884057971,152.69745762711864,31.766376811594203,30.539491525423728,3653.133333333333,9009.15,6.134426430852358,10.571428571428571,11.392156862745098,17.571428571428573,17.88235294117647,22.0,25.0,-0.8207282913165272,-0.310924369747898,-2.033898305084744,-6.134426430852358,-0.8207282913165272,-0.310924369747898,-9.299977397001527,True,0.0,Included in tanking score
2022-23,1610612760,OKC,Oklahoma City Thunder,25.0,57.0,0.48,0.4912280701754385,12.0,28.0,82,40.28070175438596,40.0,-0.2807017543859587,-0.011228070175438531,161.80466666666666,153.1640350877193,32.360933333333335,30.63280701754386,4045.116666666667,8730.35,8.640631578947364,10.5,11.072727272727272,17.2,18.727272727272727,24.0,27.0,-0.5727272727272723,-1.5272727272727271,0.2807017543859587,-8.640631578947364,-0.5727272727272723,-1.5272727272727271,-10.459929824561405,True,0.0,Included in tanking score
2022-23,1610612759,SAS,San Antonio Spurs,23.0,59.0,0.3478260869565217,0.2372881355932203,8.0,14.0,82,19.457627118644062,22.0,2.542372881355938,0.11053795136330138,148.4623188405797,148.04265536723165,29.692463768115942,29.60853107344633,3414.633333333333,8734.516666666666,0.4196634733480664,10.25,11.072727272727272,18.625,20.363636363636363,24.0,30.0,-0.8227272727272723,-1.738636363636363,-2.542372881355938,-0.4196634733480664,-0.8227272727272723,-1.738636363636363,-5.52339999106764,True,0.0,Included in tanking score
2022-23,1610612758,SAC,Sacramento Kings,25.0,57.0,0.64,0.5614035087719298,16.0,32.0,82,46.03508771929825,48.0,1.9649122807017534,0.07859649122807022,158.06466666666668,163.2438596491228,31.61293333333333,32.64877192982456,3951.616666666667,9304.9,-5.179192982456129,12.3,11.4,13.5,15.745454545454546,17.0,24.0,0.9000000000000004,-2.245454545454546,-1.9649122807017534,5.179192982456129,0.9000000000000004,-2.245454545454546,1.8688261562998303,False,0.0,Playoff/above-.500 team: score set to 0
2022-23,1610612756,PHX,Phoenix Suns,22.0,60.0,0.5909090909090909,0.5333333333333333,13.0,32.0,82,43.733333333333334,45.0,1.2666666666666657,0.05757575757575761,155.18333333333334,160.17833333333334,31.036666666666665,32.03566666666667,3414.0333333333333,9610.7,-4.9950000000000045,11.11111111111111,10.836363636363636,14.666666666666666,15.072727272727272,19.0,22.0,0.2747474747474747,-0.4060606060606062,-1.2666666666666657,4.9950000000000045,0.2747474747474747,-0.4060606060606062,3.5970202020202073,False,0.0,Playoff/above-.500 team: score set to 0
2022-23,1610612764,WAS,Washington Wizards,24.0,58.0,0.2916666666666667,0.4827586206896552,7.0,28.0,82,39.58620689655172,35.0,-4.586206896551722,-0.1910919540229885,161.81944444444443,159.81494252873563,32.36388888888889,31.962988505747127,3883.6666666666665,9269.266666666666,2.0045019157088007,10.0,10.61818181818182,13.7,15.78181818181818,17.0,25.0,-0.618181818181819,-2.081818181818182,4.586206896551722,-2.0045019157088007,-0.618181818181819,-2.081818181818182,-0.1182950191570793,True,0.0,Included in tanking score
2022-23,1610612765,DET,Detroit Pistons,23.0,59.0,0.0869565217391304,0.2542372881355932,2.0,15.0,82,20.847457627118644,17.0,-3.8474576271186436,-0.1672807663964628,159.4427536231884,153.59237288135594,31.88855072463768,30.718474576271188,3667.183333333333,9061.95,5.850380741832453,9.272727272727272,10.350877192982455,13.636363636363637,13.63157894736842,16.0,20.0,-1.078149920255182,0.0047846889952154,3.8474576271186436,-5.850380741832453,-1.078149920255182,0.0047846889952154,-3.0762883459737758,True,0.0,Included in tanking score
2022-23,1610612766,CHA,Charlotte Hornets,22.0,60.0,0.4545454545454545,0.2833333333333333,10.0,17.0,82,23.233333333333334,27.0,3.7666666666666657,0.17121212121212115,164.21969696969697,164.44833333333332,32.843939393939394,32.88966666666666,3612.8333333333335,9866.9,-0.2286363636363546,9.6,10.084745762711863,14.1,13.813559322033898,17.0,21.0,-0.4847457627118654,0.2864406779661017,-3.7666666666666657,0.2286363636363546,-0.4847457627118654,0.2864406779661017,-3.7363353877760748,True,0.0,Included in tanking score
2022-23,1610612763,MEM,Memphis Grizzlies,25.0,57.0,0.64,0.6140350877192983,16.0,35.0,82,50.35087719298246,51.0,0.649122807017541,0.025964912280701746,158.20066666666668,151.40409356725146,31.64013333333333,30.28081871345029,3955.016666666667,8630.033333333333,6.7965730994152125,10.22222222222222,10.836363636363636,13.666666666666666,15.309090909090909,19.0,21.0,-0.6141414141414145,-1.6424242424242426,-0.649122807017541,-6.7965730994152125,-0.6141414141414145,-1.6424242424242426,-9.70226156299841,False,0.0,Playoff/above-.500 team: score set to 0
2023-24,1610612739,CLE,Cleveland Cavaliers,29.0,53.0,0.4137931034482758,0.6792452830188679,12.0,36.0,82,55.698113207547166,48.0,-7.698113207547166,-0.2654521795705921,165.44137931034484,161.89716981132074,33.08827586206897,32.37943396226415,4797.8,8580.55,3.544209499024106,10.0,10.09433962264151,15.06896551724138,15.62264150943396,24.0,22.0,-0.0943396226415096,-0.5536759921925825,7.698113207547166,-3.544209499024106,-0.0943396226415096,-0.5536759921925825,3.5058880936889683,False,0.0,Playoff/above-.500 team: score set to 0
2023-24,1610612740,NOP,New Orleans Pelicans,27.0,55.0,0.5925925925925926,0.6,16.0,33.0,82,49.199999999999996,49.0,-0.19999999999999574,-0.007407407407407418,165.0648148148148,154.6042424242424,33.012962962962966,30.920848484848484,4456.75,8503.233333333334,10.460572390572397,10.36,10.709090909090907,14.8,17.818181818181817,22.0,26.0,-0.3490909090909095,-3.018181818181816,0.19999999999999574,-10.460572390572397,-0.3490909090909095,-3.018181818181816,-13.627845117845126,False,0.0,Playoff/above-.500 team: score set to 0
2023-24,1610612741,CHI,Chicago Bulls,27.0,55.0,0.4814814814814814,0.4727272727272727,13.0,26.0,82,38.763636363636365,39.0,0.23636363636363455,0.008754208754208681,177.68395061728393,172.9851515151515,35.53679012345679,34.5970303030303,4797.466666666666,9514.183333333332,4.698799102132426,10.461538461538462,10.054545454545456,17.153846153846153,15.763636363636364,21.0,24.0,0.406993006993007,1.3902097902097896,-0.23636363636363455,-4.698799102132426,0.406993006993007,1.3902097902097896,-3.137959941293264,True,0.0,Included in tanking score
2023-24,1610612742,DAL,Dallas Mavericks,27.0,55.0,0.6666666666666666,0.5818181818181818,18.0,32.0,82,47.709090909090904,50.0,2.2909090909090963,0.08484848484848484,157.8530864197531,159.94757575757575,31.57061728395062,31.989515151515157,4262.033333333334,8797.116666666667,-2.094489337822637,11.692307692307692,11.21818181818182,17.307692307692307,16.818181818181817,24.0,24.0,0.4741258741258729,0.48951048951049,-2.2909090909090963,2.094489337822637,0.4741258741258729,0.48951048951049,0.7672166105499034,False,0.0,Playoff/above-.500 team: score set to 0
2023-24,1610612743,DEN,Denver Nuggets,27.0,55.0,0.7777777777777778,0.6545454545454545,21.0,36.0,82,53.67272727272727,57.0,3.327272727272728,0.12323232323232325,161.7969135802469,161.5009090909091,32.35938271604938,32.30018181818181,4368.516666666666,8882.55,0.296004489337804,11.56,11.10909090909091,11.96,13.181818181818182,17.0,20.0,0.4509090909090911,-1.2218181818181808,-3.327272727272728,-0.296004489337804,0.4509090909090911,-1.2218181818181808,-4.394186307519622,False,0.0,Playoff/above-.500 team: score set to 0
2023-24,1610612744,GSW,Golden State Warriors,29.0,53.0,0.6551724137931034,0.5094339622641509,19.0,27.0,82,41.77358490566038,46.0,4.226415094339622,0.14573845152895248,147.5,153.88238993710692,29.5,30.776477987421384,4277.5,8155.766666666666,-6.382389937106922,11.821428571428571,10.924528301886792,17.0,16.962264150943398,23.0,24.0,0.8969002695417796,0.0377358490566024,-4.226415094339622,6.382389937106922,0.8969002695417796,0.0377358490566024,3.090610961365682,False,0.0,Playoff/above-.500 team: score set to 0
2023-24,1610612745,HOU,Houston Rockets,28.0,54.0,0.6071428571428571,0.4444444444444444,17.0,24.0,82,36.44444444444444,41.0,4.555555555555557,0.16269841269841268,166.10238095238097,163.5796296296296,33.22047619047619,32.71592592592592,4650.866666666667,8833.3,2.522751322751361,10.925925925925926,10.72222222222222,16.703703703703702,15.425925925925926,21.0,26.0,0.2037037037037041,1.2777777777777768,-4.555555555555557,-2.522751322751361,0.2037037037037041,1.2777777777777768,-5.596825396825437,True,0.0,Included in tanking score
2023-24,1610612738,BOS,Boston Celtics,27.0,55.0,0.7777777777777778,0.7818181818181819,21.0,43.0,82,64.10909090909091,64.0,-0.10909090909090935,-0.004040404040404066,163.0456790123457,165.93121212121213,32.60913580246914,33.18624242424242,4402.233333333334,9126.216666666667,-2.88553310886644,10.615384615384617,10.327272727272728,13.23076923076923,13.654545454545454,21.0,19.0,0.2881118881118869,-0.4237762237762243,0.10909090909090935,2.88553310886644,0.2881118881118869,-0.4237762237762243,2.858959682293012,False,0.0,Playoff/above-.500 team: score set to 0
2023-24,1610612746,LAC,LA Clippers,29.0,53.0,0.5172413793103449,0.6792452830188679,15.0,36.0,82,55.698113207547166,51.0,-4.698113207547166,-0.16200390370852302,161.77528735632183,159.15283018867925,32.35505747126437,31.83056603773585,4691.483333333334,8435.1,2.622457167642608,10.689655172413794,10.37735849056604,13.89655172413793,13.943396226415096,19.0,19.0,0.312296681847755,-0.0468445022771639,4.698113207547166,-2.622457167642608,0.312296681847755,-0.0468445022771639,2.3411082194751494,False,0.0,Playoff/above-.500 team: score set to 0
2022-23,1610612743,DEN,Denver Nuggets,23.0,59.0,0.5217391304347826,0.6949152542372882,12.0,41.0,82,56.98305084745763,53.0,-3.9830508474576334,-0.17317612380250558,158.3485507246377,159.0310734463277,31.66971014492754,31.806214689265538,3642.016666666667,9382.833333333334,-0.6825227216899918,10.875,11.0,10.75,13.267857142857142,15.0,18.0,-0.125,-2.5178571428571423,3.9830508474576334,0.6825227216899918,-0.125,-2.5178571428571423,2.022716426290483,False,0.0,Playoff/above-.500 team: score set to 0
2022-23,1610612745,HOU,Houston Rockets,24.0,58.0,0.375,0.2241379310344827,9.0,13.0,82,18.379310344827584,22.0,3.6206896551724164,0.1508620689655173,167.0013888888889,156.69022988505748,33.40027777777778,31.338045977011493,4008.033333333333,9088.033333333333,10.31115900383142,10.0,11.071428571428571,12.0,15.410714285714286,14.0,24.0,-1.0714285714285712,-3.4107142857142865,-3.6206896551724164,-10.31115900383142,-1.0714285714285712,-3.4107142857142865,-18.413991516146694,True,0.0,Included in tanking score
2022-23,1610612746,LAC,LA Clippers,21.0,61.0,0.5238095238095238,0.5409836065573771,11.0,33.0,82,44.360655737704924,44.0,-0.3606557377049242,-0.01717408274785326,156.27063492063493,155.1319672131147,31.254126984126984,31.026393442622947,3281.6833333333334,9463.05,1.1386677075201987,11.2,10.559322033898304,11.4,14.830508474576272,15.0,20.0,0.6406779661016948,-3.4305084745762717,0.3606557377049242,-1.1386677075201987,0.6406779661016948,-3.4305084745762717,-3.5678424782898515,False,0.0,Playoff/above-.500 team: score set to 0
2022-23,1610612749,MIL,Milwaukee Bucks,24.0,58.0,0.7083333333333334,0.7068965517241379,17.0,41.0,82,57.96551724137931,58.0,0.03448275862069039,0.00143678160919547,151.25486111111113,154.47097701149426,30.250972222222224,30.89419540229885,3630.116666666667,8959.316666666668,-3.21611590038313,11.7,10.943396226415096,20.6,20.79245283018868,26.0,26.0,0.7566037735849047,-0.1924528301886781,-0.03448275862069039,3.21611590038313,0.7566037735849047,-0.1924528301886781,3.7457840851586663,False,0.0,Playoff/above-.500 team: score set to 0
2022-23,1610612750,MIN,Minnesota Timberwolves,21.0,61.0,0.5238095238095238,0.5081967213114754,11.0,31.0,82,41.67213114754099,42.0,0.3278688524590123,0.015612802498048417,166.7888888888889,163.63114754098362,33.35777777777778,32.726229508196724,3502.5666666666666,9981.5,3.1577413479052723,9.9,10.724137931034482,15.2,16.862068965517242,21.0,26.0,-0.8241379310344819,-1.6620689655172427,-0.3278688524590123,-3.1577413479052723,-0.8241379310344819,-1.6620689655172427,-5.971817096916009,False,0.0,Playoff/above-.500 team: score set to 0
2022-23,1610612747,LAL,Los Angeles Lakers,23.0,59.0,0.6956521739130435,0.4576271186440678,16.0,27.0,82,37.52542372881356,43.0,5.474576271186443,0.23802505526897566,159.50072463768117,160.18502824858757,31.900144927536235,32.037005649717514,3668.516666666667,9450.916666666666,-0.6843036109063974,10.77777777777778,10.472727272727273,16.444444444444443,17.272727272727273,20.0,27.0,0.3050505050505059,-0.8282828282828305,-5.474576271186443,0.6843036109063974,0.3050505050505059,-0.8282828282828305,-5.31350498351237,True,0.0,Included in tanking score
2022-23,1610612748,MIA,Miami Heat,23.0,59.0,0.5217391304347826,0.5423728813559322,12.0,32.0,82,44.47457627118644,44.0,-0.47457627118644297,-0.020633750921149607,158.72608695652173,173.04180790960453,31.745217391304347,34.6083615819209,3650.7,10209.466666666667,-14.315720953082804,10.625,9.12280701754386,12.125,12.771929824561404,14.0,21.0,1.5021929824561404,-0.6469298245614041,0.47457627118644297,14.315720953082804,1.5021929824561404,-0.6469298245614041,15.645560382163985,False,0.0,Playoff/above-.500 team: score set to 0
2022-23,1610612752,NYK,New York Knicks,22.0,60.0,0.6363636363636364,0.55,14.0,33.0,82,45.1,47.0,1.8999999999999986,0.08636363636363631,167.49848484848485,170.3197222222222,33.49969696969697,34.063944444444445,3684.9666666666662,10219.183333333332,-2.821237373737347,9.375,10.196428571428571,11.375,12.339285714285714,15.0,20.0,-0.8214285714285712,-0.9642857142857136,-1.8999999999999986,2.821237373737347,-0.8214285714285712,-0.9642857142857136,-0.8644769119769365,False,0.0,Playoff/above-.500 team: score set to 0
2022-23,1610612751,BKN,Brooklyn Nets,24.0,58.0,0.4583333333333333,0.5862068965517241,11.0,34.0,82,48.068965517241374,45.0,-3.0689655172413737,-0.12787356321839077,165.91875000000002,162.9103448275862,33.18375,32.58206896551724,3982.05,9448.8,3.0084051724138305,11.333333333333334,10.690909090909091,14.666666666666666,16.036363636363635,21.0,22.0,0.6424242424242426,-1.3696969696969692,3.0689655172413737,-3.0084051724138305,0.6424242424242426,-1.3696969696969692,-0.6667123824451835,False,0.0,Playoff/above-.500 team: score set to 0
2022-23,1610612755,PHI,Philadelphia 76ers,25.0,57.0,0.64,0.6666666666666666,16.0,38.0,82,54.666666666666664,54.0,-0.6666666666666643,-0.026666666666666616,165.15599999999998,165.81783625730995,33.0312,33.16356725146199,4128.9,9451.616666666669,-0.6618362573099716,11.0,10.814814814814817,15.1,15.38888888888889,20.0,23.0,0.1851851851851851,-0.2888888888888896,0.6666666666666643,0.6618362573099716,0.1851851851851851,-0.2888888888888896,1.2247992202729314,False,0.0,Playoff/above-.500 team: score set to 0
2022-23,1610612753,ORL,Orlando Magic,23.0,59.0,0.4347826086956521,0.4067796610169492,10.0,24.0,82,33.355932203389834,34.0,0.644067796610166,0.028002947678702927,155.9282608695652,155.49011299435028,31.18565217391304,31.098022598870056,3586.35,9173.916666666666,0.4381478752149235,10.77777777777778,10.314814814814817,12.666666666666666,13.74074074074074,16.0,22.0,0.4629629629629637,-1.0740740740740744,-0.644067796610166,-0.4381478752149235,0.4629629629629637,-1.0740740740740744,-1.6933267829362002,True,0.0,Included in tanking score
2022-23,1610612741,CHI,Chicago Bulls,23.0,59.0,0.6086956521739131,0.4406779661016949,14.0,26.0,82,36.13559322033898,40.0,3.8644067796610173,0.16801768607221818,162.10072463768117,166.6104519774011,32.42014492753623,33.322090395480224,3728.3166666666666,9830.016666666666,-4.509727339719944,11.181818181818182,10.178571428571429,12.727272727272728,15.071428571428571,16.0,25.0,1.0032467532467528,-2.3441558441558445,-3.8644067796610173,4.509727339719944,1.0032467532467528,-2.3441558441558445,-0.6955885308501646,True,0.0,Included in tanking score
2022-23,1610612742,DAL,Dallas Mavericks,22.0,60.0,0.3181818181818182,0.5166666666666667,7.0,31.0,82,42.366666666666674,38.0,-4.366666666666674,-0.19848484848484854,164.11590909090907,167.27694444444444,32.823181818181816,33.45538888888889,3610.55,10036.616666666669,-3.161035353535368,10.6,10.807017543859647,14.4,14.929824561403509,18.0,20.0,-0.2070175438596493,-0.5298245614035082,4.366666666666674,3.161035353535368,-0.2070175438596493,-0.5298245614035082,6.790859914938885,False,0.0,Playoff/above-.500 team: score set to 0
2021-22,1610612763,MEM,Memphis Grizzlies,22.0,60.0,0.6818181818181818,0.6833333333333333,15.0,41.0,82,56.03333333333333,56.0,-0.03333333333333144,-0.0015151515151515804,143.275,147.72444444444446,28.655,29.54488888888889,3152.05,8863.466666666667,-4.4494444444444525,10.916666666666666,11.46808510638298,14.416666666666666,15.680851063829786,18.0,24.0,-0.5514184397163131,-1.2641843971631204,0.03333333333333144,4.4494444444444525,-0.5514184397163131,-1.2641843971631204,2.6671749408983505,False,0.0,Playoff/above-.500 team: score set to 0
2021-22,1610612760,OKC,Oklahoma City Thunder,24.0,58.0,0.25,0.3103448275862069,6.0,18.0,82,25.448275862068968,24.0,-1.448275862068968,-0.060344827586206906,169.37986111111113,153.4244252873563,33.875972222222224,30.684885057471263,4065.116666666667,8898.616666666667,15.955435823754812,8.5,11.26086956521739,12.75,17.17391304347826,20.0,25.0,-2.7608695652173907,-4.423913043478262,1.448275862068968,-15.955435823754812,-2.7608695652173907,-4.423913043478262,-21.691942570381496,True,0.0,Included in tanking score
2023-24,1610612762,UTA,Utah Jazz,26.0,56.0,0.1923076923076923,0.4642857142857143,5.0,26.0,82,38.07142857142857,31.0,-7.071428571428569,-0.271978021978022,155.66923076923078,148.88878787878787,31.133846153846157,29.777757575757576,4047.4,8188.883333333333,6.780442890442913,10.461538461538462,11.053571428571429,12.73076923076923,12.517857142857142,17.0,17.0,-0.5920329670329672,0.2129120879120876,7.071428571428569,-6.780442890442913,-0.5920329670329672,0.2129120879120876,-0.08813519813522319,True,0.0,Included in tanking score
2023-24,1610612760,OKC,Oklahoma City Thunder,28.0,54.0,0.7142857142857143,0.6851851851851852,20.0,37.0,82,56.18518518518519,57.0,0.8148148148148096,0.02910052910052907,146.74166666666665,150.95493827160493,29.348333333333333,30.19098765432099,4108.766666666666,8151.566666666667,-4.213271604938285,11.925925925925926,11.88888888888889,19.03703703703704,18.64814814814815,29.0,27.0,0.0370370370370363,0.3888888888888893,-0.8148148148148096,4.213271604938285,0.0370370370370363,0.3888888888888893,3.824382716049401,False,0.0,Playoff/above-.500 team: score set to 0
2023-24,1610612759,SAS,San Antonio Spurs,27.0,55.0,0.4074074074074074,0.2,11.0,11.0,82,16.400000000000002,22.0,5.599999999999998,0.20740740740740737,161.39135802469136,149.3442424242424,32.27827160493827,29.86884848484848,4357.566666666667,8213.933333333332,12.04711560044896,10.384615384615383,11.327272727272728,15.307692307692308,18.472727272727276,22.0,27.0,-0.942657342657343,-3.1650349650349643,-5.599999999999998,-12.04711560044896,-0.942657342657343,-3.1650349650349643,-21.75480790814126,True,0.0,Included in tanking score
2023-24,1610612758,SAC,Sacramento Kings,28.0,54.0,0.5357142857142857,0.5740740740740741,15.0,31.0,82,47.074074074074076,46.0,-1.0740740740740762,-0.03835978835978837,167.4779761904762,164.0969135802469,33.495595238095234,32.81938271604938,4689.383333333333,8861.233333333334,3.381062610229293,11.26923076923077,11.77777777777778,16.153846153846153,15.166666666666666,26.0,24.0,-0.5085470085470085,0.9871794871794872,1.0740740740740762,-3.381062610229293,-0.5085470085470085,0.9871794871794872,-1.828356057522738,False,0.0,Playoff/above-.500 team: score set to 0
2023-24,1610612756,PHX,Phoenix Suns,27.0,55.0,0.5925925925925926,0.6,16.0,33.0,82,49.199999999999996,49.0,-0.19999999999999574,-0.007407407407407418,172.72345679012346,165.15424242424243,34.54469135802469,33.030848484848484,4663.533333333334,9083.483333333334,7.569214365881038,11.115384615384617,10.854545454545455,14.346153846153848,16.072727272727274,22.0,23.0,0.2608391608391596,-1.7265734265734274,0.19999999999999574,-7.569214365881038,0.2608391608391596,-1.7265734265734274,-8.83494863161531,False,0.0,Playoff/above-.500 team: score set to 0
2023-24,1610612757,POR,Portland Trail Blazers,28.0,54.0,0.2142857142857142,0.2777777777777778,6.0,15.0,82,22.77777777777778,21.0,-1.7777777777777786,-0.0634920634920636,171.33988095238095,162.16234567901233,34.26797619047619,32.43246913580247,4797.516666666666,8756.766666666666,9.17753527336862,9.653846153846152,10.5,13.0,13.88888888888889,19.0,22.0,-0.8461538461538467,-0.8888888888888893,1.7777777777777786,-9.17753527336862,-0.8461538461538467,-0.8888888888888893,-9.134800230633578,True,0.0,Included in tanking score
2023-24,1610612755,PHI,Philadelphia 76ers,28.0,54.0,0.5357142857142857,0.5925925925925926,15.0,32.0,82,48.59259259259259,47.0,-1.5925925925925881,-0.05687830687830686,160.13273809523807,161.56944444444446,32.02654761904762,32.31388888888889,4483.716666666666,8724.75,-1.4367063492063892,10.51851851851852,11.37037037037037,15.185185185185183,14.25925925925926,20.0,23.0,-0.8518518518518512,0.9259259259259256,1.5925925925925881,1.4367063492063892,-0.8518518518518512,0.9259259259259256,3.1033730158730517,False,0.0,Playoff/above-.500 team: score set to 0
2023-24,1610612754,IND,Indiana Pacers,26.0,56.0,0.6153846153846154,0.5535714285714286,16.0,31.0,82,45.392857142857146,47.0,1.607142857142854,0.061813186813186816,150.0525641025641,150.16904761904763,30.010512820512822,30.033809523809527,3901.366666666667,8409.466666666667,-0.1164835164835267,11.423076923076923,10.910714285714286,14.692307692307692,15.821428571428571,23.0,24.0,0.5123626373626369,-1.1291208791208796,-1.607142857142854,0.1164835164835267,0.5123626373626369,-1.1291208791208796,-2.10741758241757,False,0.0,Playoff/above-.500 team: score set to 0
2023-24,1610612750,MIN,Minnesota Timberwolves,27.0,55.0,0.6296296296296297,0.7090909090909091,17.0,39.0,82,58.14545454545455,56.0,-2.145454545454548,-0.07946127946127945,163.4925925925926,161.93818181818182,32.69851851851852,32.38763636363637,4414.3,8906.6,1.5544107744107691,11.037037037037036,10.8,16.48148148148148,16.12727272727273,23.0,21.0,0.2370370370370356,0.3542087542087522,2.145454545454548,-1.5544107744107691,0.2370370370370356,0.3542087542087522,1.1822895622895668,False,0.0,Playoff/above-.500 team: score set to 0
2023-24,1610612753,ORL,Orlando Magic,27.0,55.0,0.6296296296296297,0.5454545454545454,17.0,30.0,82,44.72727272727273,47.0,2.2727272727272734,0.08417508417508424,148.26296296296297,152.83818181818182,29.65259259259259,30.567636363636364,4003.1,8406.1,-4.57521885521885,12.22222222222222,11.454545454545457,12.814814814814817,14.327272727272728,17.0,27.0,0.7676767676767664,-1.5124579124579132,-2.2727272727272734,4.57521885521885,0.7676767676767664,-1.5124579124579132,1.5577104377104298,False,0.0,Playoff/above-.500 team: score set to 0
2023-24,1610612752,NYK,New York Knicks,27.0,55.0,0.6296296296296297,0.6,17.0,33.0,82,49.199999999999996,50.0,0.8000000000000043,0.029629629629629672,180.008024691358,168.20606060606062,36.001604938271605,33.64121212121212,4860.216666666666,9251.333333333334,11.801964085297383,9.72,10.345454545454546,11.4,11.61818181818182,15.0,17.0,-0.625454545454545,-0.2181818181818187,-0.8000000000000043,-11.801964085297383,-0.625454545454545,-0.2181818181818187,-13.445600448933751,False,0.0,Playoff/above-.500 team: score set to 0
2023-24,1610612751,BKN,Brooklyn Nets,28.0,54.0,0.3928571428571428,0.3888888888888889,11.0,21.0,82,31.88888888888889,32.0,0.11111111111111072,0.003968253968253899,165.25595238095238,160.6074074074074,33.05119047619048,32.12148148148148,4627.166666666667,8672.8,4.648544973544972,10.592592592592592,10.11111111111111,17.962962962962962,16.25925925925926,26.0,27.0,0.4814814814814827,1.7037037037037024,-0.11111111111111072,-4.648544973544972,0.4814814814814827,1.7037037037037024,-2.5744708994708976,True,0.0,Included in tanking score
2023-24,1610612748,MIA,Miami Heat,27.0,55.0,0.5925925925925926,0.5454545454545454,16.0,30.0,82,44.72727272727273,46.0,1.2727272727272734,0.047138047138047146,162.68580246913578,163.34012345679014,32.53716049382716,32.66802469135803,4392.516666666666,8820.366666666667,-0.6543209876543585,10.51851851851852,9.872727272727271,13.555555555555555,12.78181818181818,18.0,19.0,0.645791245791246,0.7737373737373741,-1.2727272727272734,0.6543209876543585,0.645791245791246,0.7737373737373741,0.8011223344557052,False,0.0,Playoff/above-.500 team: score set to 0
2023-24,1610612749,MIL,Milwaukee Bucks,26.0,56.0,0.5384615384615384,0.625,14.0,35.0,82,51.25,49.0,-2.25,-0.08653846153846156,159.6929487179487,161.5050595238095,31.93858974358974,32.3010119047619,4152.016666666666,9044.283333333333,-1.8121108058608115,11.0,11.107142857142858,13.923076923076923,15.375,19.0,25.0,-0.1071428571428576,-1.4519230769230766,2.25,1.8121108058608115,-0.1071428571428576,-1.4519230769230766,2.5030448717948772,False,0.0,Playoff/above-.500 team: score set to 0
2023-24,1610612747,LAL,Los Angeles Lakers,26.0,56.0,0.6538461538461539,0.5357142857142857,17.0,30.0,82,43.92857142857143,47.0,3.0714285714285694,0.11813186813186816,173.16602564102564,166.10386904761907,34.63320512820513,33.22077380952381,4502.316666666667,9301.816666666668,7.06215659340657,11.083333333333334,10.339285714285714,13.875,14.107142857142858,17.0,18.0,0.7440476190476204,-0.2321428571428576,-3.0714285714285694,-7.06215659340657,0.7440476190476204,-0.2321428571428576,-9.621680402930377,False,0.0,Playoff/above-.500 team: score set to 0
2023-24,1610612763,MEM,Memphis Grizzlies,26.0,56.0,0.2692307692307692,0.3571428571428571,7.0,20.0,82,29.28571428571428,27.0,-2.285714285714281,-0.08791208791208788,161.96602564102565,156.61755952380955,32.39320512820513,31.323511904761908,4211.116666666667,8770.583333333334,5.348466117216105,9.166666666666666,10.375,13.875,16.267857142857142,20.0,21.0,-1.208333333333334,-2.3928571428571423,2.285714285714281,-5.348466117216105,-1.208333333333334,-2.3928571428571423,-6.663942307692301,True,0.0,Included in tanking score
2024-25,1610612748,MIA,Miami Heat,29.0,53.0,0.4137931034482758,0.4716981132075472,12.0,25.0,82,38.679245283018865,37.0,-1.679245283018865,-0.057905009759271375,165.6183908045977,163.7522435897436,33.12367816091954,32.75044871794872,4802.933333333333,8515.116666666667,1.866147214854124,10.272727272727272,10.226415094339623,13.090909090909092,14.132075471698114,19.0,22.0,0.0463121783876498,-1.041166380789022,1.679245283018865,-1.866147214854124,0.0463121783876498,-1.041166380789022,-1.1817561342366312,True,0.0,Included in tanking score
2024-25,1610612747,LAL,Los Angeles Lakers,30.0,52.0,0.6,0.6153846153846154,18.0,32.0,82,50.46153846153847,50.0,-0.461538461538467,-0.015384615384615441,166.56777777777776,164.52692307692308,33.31355555555555,32.90538461538461,4997.033333333333,8555.4,2.0408547008546805,10.3,10.288461538461538,17.8,16.153846153846153,22.0,25.0,0.0115384615384623,1.6461538461538474,0.461538461538467,-2.0408547008546805,0.0115384615384623,1.6461538461538474,0.07837606837609634,False,0.0,Playoff/above-.500 team: score set to 0
2024-25,1610612746,LAC,LA Clippers,28.0,54.0,0.6785714285714286,0.5740740740740741,19.0,31.0,82,47.074074074074076,50.0,2.925925925925924,0.10449735449735453,165.51130952380953,154.44907407407408,33.1022619047619,30.889814814814816,4634.316666666667,8340.25,11.062235449735454,9.77777777777778,11.037037037037036,12.77777777777778,13.444444444444445,15.0,25.0,-1.2592592592592575,-0.6666666666666661,-2.925925925925924,-11.062235449735454,-1.2592592592592575,-0.6666666666666661,-15.914087301587301,False,0.0,Playoff/above-.500 team: score set to 0
2024-25,1610612745,HOU,Houston Rockets,27.0,55.0,0.6666666666666666,0.6181818181818182,18.0,34.0,82,50.69090909090909,52.0,1.3090909090909122,0.048484848484848464,164.01975308641977,167.625,32.80395061728395,33.525,4428.533333333334,9051.75,-3.605246913580231,11.0,10.363636363636363,16.0,15.654545454545454,20.0,22.0,0.6363636363636367,0.3454545454545457,-1.3090909090909122,3.605246913580231,0.6363636363636367,0.3454545454545457,3.2779741863075014,False,0.0,Playoff/above-.500 team: score set to 0
2024-25,1610612744,GSW,Golden State Warriors,27.0,55.0,0.7407407407407407,0.509090909090909,20.0,28.0,82,41.74545454545454,48.0,6.2545454545454575,0.23164983164983166,152.31419753086422,147.0530303030303,30.46283950617284,29.41060606060606,4112.483333333334,8087.916666666667,5.2611672278339086,12.0,11.48148148148148,16.88888888888889,18.48148148148148,20.0,24.0,0.518518518518519,-1.5925925925925917,-6.2545454545454575,-5.2611672278339086,0.518518518518519,-1.5925925925925917,-12.589786756453439,False,0.0,Playoff/above-.500 team: score set to 0
2024-25,1610612750,MIN,Minnesota Timberwolves,26.0,56.0,0.6923076923076923,0.5535714285714286,18.0,31.0,82,45.392857142857146,49.0,3.607142857142854,0.1387362637362637,163.96217948717947,166.33878787878788,32.792435897435894,33.26775757575758,4263.016666666666,9148.633333333331,-2.376608391608414,10.77777777777778,10.125,16.11111111111111,13.910714285714286,18.0,20.0,0.6527777777777786,2.200396825396824,-3.607142857142854,2.376608391608414,0.6527777777777786,2.200396825396824,1.6226401376401625,False,0.0,Playoff/above-.500 team: score set to 0
2024-25,1610612752,NYK,New York Knicks,28.0,54.0,0.5357142857142857,0.6666666666666666,15.0,36.0,82,54.666666666666664,51.0,-3.6666666666666643,-0.13095238095238093,178.81785714285712,182.23117283950617,35.763571428571424,36.44623456790124,5006.9,9840.483333333334,-3.4133156966490503,9.5,10.055555555555555,12.125,11.814814814814817,17.0,19.0,-0.5555555555555554,0.3101851851851851,3.6666666666666643,3.4133156966490503,-0.5555555555555554,0.3101851851851851,6.834611992945344,False,0.0,Playoff/above-.500 team: score set to 0
2024-25,1610612749,MIL,Milwaukee Bucks,29.0,53.0,0.6551724137931034,0.5471698113207547,19.0,29.0,82,44.867924528301884,48.0,3.1320754716981156,0.10800260247234872,164.31724137931033,158.40588235294118,32.86344827586207,31.681176470588237,4765.2,8078.7,5.911359026369155,10.8,11.226415094339623,12.1,14.679245283018869,17.0,22.0,-0.4264150943396227,-2.579245283018869,-3.1320754716981156,-5.911359026369155,-0.4264150943396227,-2.579245283018869,-12.049094875425762,False,0.0,Playoff/above-.500 team: score set to 0
2024-25,1610612741,CHI,Chicago Bulls,27.0,55.0,0.6296296296296297,0.4,17.0,22.0,82,32.800000000000004,39.0,6.199999999999996,0.22962962962962963,160.48333333333335,156.3460606060606,32.09666666666667,31.26921212121212,4333.05,8599.033333333333,4.1372727272727445,10.3,11.436363636363636,16.0,17.87272727272727,19.0,24.0,-1.136363636363635,-1.8727272727272712,-6.199999999999996,-4.1372727272727445,-1.136363636363635,-1.8727272727272712,-13.346363636363646,True,0.0,Included in tanking score
2024-25,1610612742,DAL,Dallas Mavericks,26.0,56.0,0.3461538461538461,0.5357142857142857,9.0,30.0,82,43.92857142857143,39.0,-4.928571428571431,-0.1895604395604396,157.65512820512822,158.3342261904762,31.531025641025643,31.66684523809524,4099.033333333334,8866.716666666667,-0.6790979853479655,10.625,11.196428571428571,17.5,18.464285714285715,23.0,31.0,-0.5714285714285712,-0.9642857142857152,4.928571428571431,0.6790979853479655,-0.5714285714285712,-0.9642857142857152,4.07195512820511,False,0.0,Playoff/above-.500 team: score set to 0
2024-25,1610612743,DEN,Denver Nuggets,27.0,55.0,0.5185185185185185,0.6545454545454545,14.0,36.0,82,53.67272727272727,50.0,-3.672727272727272,-0.13602693602693605,176.0679012345679,169.58333333333334,35.21358024691358,33.91666666666667,4753.833333333333,9327.083333333334,6.484567901234556,9.7,10.61818181818182,13.0,13.127272727272729,17.0,21.0,-0.9181818181818198,-0.1272727272727269,3.672727272727272,-6.484567901234556,-0.9181818181818198,-0.1272727272727269,-3.8572951739618304,False,0.0,Playoff/above-.500 team: score set to 0
2023-24,1610612764,WAS,Washington Wizards,28.0,54.0,0.2142857142857142,0.1666666666666666,6.0,9.0,82,13.66666666666666,15.0,1.3333333333333393,0.04761904761904759,164.93333333333334,150.74722222222223,32.986666666666665,30.149444444444445,4618.133333333333,8140.35,14.186111111111105,10.5,11.61111111111111,14.892857142857142,13.75925925925926,20.0,18.0,-1.1111111111111107,1.1335978835978828,-1.3333333333333393,-14.186111111111105,-1.1111111111111107,1.1335978835978828,-15.49695767195767,True,0.0,Included in tanking score
2023-24,1610612766,CHA,Charlotte Hornets,28.0,54.0,0.2857142857142857,0.2407407407407407,8.0,13.0,82,19.740740740740737,21.0,1.259259259259263,0.044973544973545,166.3077380952381,163.56327160493825,33.26154761904762,32.71265432098765,4656.616666666667,8832.416666666666,2.744466490299857,9.857142857142858,10.38888888888889,11.892857142857142,14.11111111111111,15.0,20.0,-0.5317460317460316,-2.2182539682539684,-1.259259259259263,-2.744466490299857,-0.5317460317460316,-2.2182539682539684,-6.75372574955912,True,0.0,Included in tanking score
2023-24,1610612765,DET,Detroit Pistons,28.0,54.0,0.2142857142857142,0.1481481481481481,6.0,8.0,82,12.148148148148145,14.0,1.8518518518518547,0.06613756613756608,158.56785714285712,156.30277777777778,31.713571428571427,31.260555555555555,4439.9,8440.35,2.2650793650793446,10.25,10.703703703703704,14.357142857142858,16.925925925925927,20.0,24.0,-0.4537037037037041,-2.5687830687830697,-1.8518518518518547,-2.2650793650793446,-0.4537037037037041,-2.5687830687830697,-7.139417989417973,True,0.0,Included in tanking score
2024-25,1610612738,BOS,Boston Celtics,27.0,55.0,0.8148148148148148,0.7090909090909091,22.0,39.0,82,58.14545454545455,61.0,2.854545454545452,0.10572390572390566,165.6932098765432,166.5148484848485,33.13864197530864,33.3029696969697,4473.716666666666,9158.316666666668,-0.8216386083053067,10.625,10.545454545454543,13.5,12.872727272727271,18.0,17.0,0.079545454545455,0.627272727272727,-2.854545454545452,0.8216386083053067,0.079545454545455,0.627272727272727,-1.3260886644219632,False,0.0,Playoff/above-.500 team: score set to 0
2024-25,1610612739,CLE,Cleveland Cavaliers,28.0,54.0,0.7142857142857143,0.8148148148148148,20.0,44.0,82,66.81481481481481,64.0,-2.8148148148148096,-0.10052910052910047,151.5470238095238,148.3682098765432,30.30940476190476,29.67364197530864,4243.316666666667,8011.883333333333,3.178813932980603,11.666666666666666,11.037037037037036,16.555555555555557,15.27777777777778,26.0,22.0,0.6296296296296298,1.2777777777777786,2.8148148148148096,-3.178813932980603,0.6296296296296298,1.2777777777777786,1.543408289241615,False,0.0,Playoff/above-.500 team: score set to 0
2024-25,1610612764,WAS,Washington Wizards,28.0,54.0,0.3214285714285714,0.1666666666666666,9.0,9.0,82,13.66666666666666,18.0,4.333333333333339,0.1547619047619048,154.1154761904762,155.81358024691357,30.82309523809524,31.162716049382716,4315.233333333334,8413.933333333332,-1.698104056437387,10.333333333333334,11.27777777777778,16.0,14.425925925925926,20.0,22.0,-0.9444444444444446,1.5740740740740744,-4.333333333333339,1.698104056437387,-0.9444444444444446,1.5740740740740744,-2.0055996472663224,True,0.0,Included in tanking score
2024-25,1610612763,MEM,Memphis Grizzlies,28.0,54.0,0.4285714285714285,0.6666666666666666,12.0,36.0,82,54.666666666666664,48.0,-6.666666666666664,-0.23809523809523814,154.1142857142857,143.70987654320987,30.822857142857146,28.74197530864197,4315.2,7760.333333333333,10.404409171075828,11.4,11.37037037037037,20.8,20.03703703703704,29.0,30.0,0.0296296296296301,0.7629629629629626,6.666666666666664,-10.404409171075828,0.0296296296296301,0.7629629629629626,-2.9451499118165714,False,0.0,Playoff/above-.500 team: score set to 0
2024-25,1610612761,TOR,Toronto Raptors,27.0,55.0,0.4814814814814814,0.3090909090909091,13.0,17.0,82,25.345454545454544,30.0,4.654545454545456,0.17239057239057232,151.22592592592594,156.03545454545457,30.245185185185186,31.207090909090912,4083.1,8581.95,-4.809528619528635,10.0,10.909090909090908,16.555555555555557,17.818181818181817,20.0,25.0,-0.9090909090909084,-1.2626262626262594,-4.654545454545456,4.809528619528635,-0.9090909090909084,-1.2626262626262594,-2.016734006733989,True,0.0,Included in tanking score
2024-25,1610612760,OKC,Oklahoma City Thunder,28.0,54.0,0.8571428571428571,0.8148148148148148,24.0,44.0,82,66.81481481481481,68.0,1.1851851851851904,0.042328042328042326,156.93571428571428,153.9053459119497,31.38714285714285,30.78106918238994,4394.2,8156.983333333334,3.0303683737645883,11.0,11.358490566037736,17.0,16.67924528301887,23.0,24.0,-0.3584905660377355,0.3207547169811313,-1.1851851851851904,-3.0303683737645883,-0.3584905660377355,0.3207547169811313,-4.253289408006383,False,0.0,Playoff/above-.500 team: score set to 0
2024-25,1610612757,POR,Portland Trail Blazers,27.0,55.0,0.4814814814814814,0.4181818181818181,13.0,23.0,82,34.29090909090908,36.0,1.7090909090909179,0.0632996632996633,165.56358024691357,161.78666666666666,33.11271604938271,32.35733333333333,4470.216666666666,8898.266666666666,3.776913580246912,10.4,10.836363636363636,16.0,14.254545454545454,21.0,20.0,-0.4363636363636356,1.745454545454546,-1.7090909090909179,-3.776913580246912,-0.4363636363636356,1.745454545454546,-4.17691358024692,True,0.0,Included in tanking score
2024-25,1610612758,SAC,Sacramento Kings,27.0,55.0,0.4444444444444444,0.509090909090909,12.0,28.0,82,41.74545454545454,40.0,-1.7454545454545425,-0.06464646464646462,170.50864197530865,176.9139393939394,34.10172839506173,35.38278787878788,4603.733333333334,9730.266666666666,-6.405297418630738,11.142857142857142,10.672727272727272,12.571428571428571,14.090909090909092,16.0,21.0,0.4701298701298704,-1.5194805194805203,1.7454545454545425,6.405297418630738,0.4701298701298704,-1.5194805194805203,7.10140131473463,False,0.0,Playoff/above-.500 team: score set to 0
2024-25,1610612754,IND,Indiana Pacers,29.0,53.0,0.6896551724137931,0.5660377358490566,20.0,30.0,82,46.41509433962264,50.0,3.584905660377359,0.12361743656473656,155.51666666666668,159.57704402515725,31.10333333333333,31.915408805031447,4509.983333333334,8457.583333333334,-4.06037735849057,11.363636363636363,11.0,15.181818181818182,15.528301886792454,20.0,24.0,0.3636363636363633,-0.3464837049742719,-3.584905660377359,4.06037735849057,0.3636363636363633,-0.3464837049742719,0.492624356775302,False,0.0,Playoff/above-.500 team: score set to 0
2024-25,1610612753,ORL,Orlando Magic,26.0,56.0,0.5384615384615384,0.4821428571428571,14.0,27.0,82,39.535714285714285,41.0,1.4642857142857153,0.05631868131868134,156.47692307692307,153.74136904761903,31.295384615384616,30.74827380952381,4068.4,8609.516666666666,2.735554029304041,11.0,11.303571428571429,14.5,15.678571428571429,17.0,23.0,-0.3035714285714288,-1.1785714285714288,-1.4642857142857153,-2.735554029304041,-0.3035714285714288,-1.1785714285714288,-5.6819826007326135,True,0.0,Included in tanking score
2025-26,1610612739,CLE,Cleveland Cavaliers,27.0,55.0,0.6666666666666666,0.6181818181818182,18.0,34.0,82,50.69090909090909,52.0,1.3090909090909122,0.048484848484848464,151.59444444444446,153.76805555555555,30.31888888888889,30.753611111111116,4093.05,3690.433333333333,-2.173611111111086,10.52,10.68627450980392,14.64,16.725490196078432,20.0,25.0,-0.1662745098039213,-2.085490196078432,-1.3090909090909122,2.173611111111086,-0.1662745098039213,-2.085490196078432,-1.3872445038621795,False,0.0,Playoff/above-.500 team: score set to 0
2025-26,1610612740,NOP,New Orleans Pelicans,26.0,56.0,0.4230769230769231,0.2678571428571428,11.0,15.0,82,21.964285714285708,26.0,4.035714285714292,0.15521978021978028,157.79166666666666,156.09,31.55833333333333,31.218,4102.583333333333,3902.25,1.7016666666666538,9.72222222222222,10.490196078431373,16.555555555555557,17.568627450980394,22.0,27.0,-0.7679738562091512,-1.0130718954248366,-4.035714285714292,-1.7016666666666538,-0.7679738562091512,-1.0130718954248366,-7.518426704014933,True,0.0,Included in tanking score
2025-26,1610612744,GSW,Golden State Warriors,27.0,55.0,0.2962962962962963,0.5272727272727272,8.0,29.0,82,43.236363636363635,37.0,-6.2363636363636346,-0.23097643097643095,151.64074074074074,140.306,30.32814814814815,28.0612,4094.3,3507.65,11.334740740740727,10.7,11.68627450980392,21.45,20.07843137254902,30.0,28.0,-0.9862745098039216,1.37156862745098,6.2363636363636346,-11.334740740740727,-0.9862745098039216,1.37156862745098,-4.713082986730035,False,0.0,Playoff/above-.500 team: score set to 0
2025-26,1610612743,DEN,Denver Nuggets,27.0,55.0,0.7037037037037037,0.6363636363636364,19.0,35.0,82,52.18181818181818,54.0,1.8181818181818201,0.06734006734006737,165.06728395061728,165.9903846153846,33.013456790123456,33.198076923076925,4456.816666666667,4315.75,-0.9231006647673324,10.818181818181818,10.215686274509803,14.318181818181818,13.862745098039216,20.0,20.0,0.6024955436720152,0.4554367201426021,-1.8181818181818201,0.9231006647673324,0.6024955436720152,0.4554367201426021,0.16285111040012962,False,0.0,Playoff/above-.500 team: score set to 0
2025-26,1610612745,HOU,Houston Rockets,29.0,53.0,0.6551724137931034,0.6226415094339622,19.0,33.0,82,51.056603773584904,52.0,0.9433962264150964,0.03253090435914119,170.10862068965517,175.80555555555554,34.02172413793103,35.16111111111111,4933.15,4746.75,-5.696934865900374,10.478260869565217,10.34,16.0,17.48,22.0,23.0,0.138260869565217,-1.4800000000000004,-0.9433962264150964,5.696934865900374,0.138260869565217,-1.4800000000000004,3.4117995090504944,False,0.0,Playoff/above-.500 team: score set to 0
2025-26,1610612737,ATL,Atlanta Hawks,26.0,56.0,0.7692307692307693,0.4642857142857143,20.0,26.0,82,38.07142857142857,46.0,7.928571428571431,0.30494505494505497,158.11410256410255,162.7051282051282,31.62282051282051,32.54102564102564,4110.966666666666,4230.333333333333,-4.591025641025652,11.235294117647058,10.075471698113208,15.529411764705882,15.18867924528302,20.0,20.0,1.1598224195338496,0.340732519422863,-7.928571428571431,4.591025641025652,1.1598224195338496,0.340732519422863,-1.8369908485890658,True,0.0,Included in tanking score
2025-26,1610612738,BOS,Boston Celtics,28.0,54.0,0.75,0.6481481481481481,21.0,35.0,82,53.148148148148145,56.0,2.8518518518518547,0.10185185185185186,161.8702380952381,160.23733333333334,32.37404761904762,32.047466666666665,4532.366666666667,4005.933333333333,1.6329047619047683,10.818181818181818,10.764705882352942,14.727272727272728,18.47058823529412,22.0,29.0,0.0534759358288763,-3.743315508021389,-2.8518518518518547,-1.6329047619047683,0.0534759358288763,-3.743315508021389,-8.174596185949136,False,0.0,Playoff/above-.500 team: score set to 0
2024-25,1610612765,DET,Detroit Pistons,27.0,55.0,0.5555555555555556,0.5272727272727272,15.0,29.0,82,43.236363636363635,44.0,0.7636363636363654,0.028282828282828354,153.31234567901234,154.86515151515152,30.66246913580247,30.973030303030303,4139.433333333333,8517.583333333334,-1.5528058361391857,11.545454545454543,10.636363636363637,17.0,17.363636363636363,20.0,25.0,0.9090909090909084,-0.3636363636363633,-0.7636363636363654,1.5528058361391857,0.9090909090909084,-0.3636363636363633,1.3346240179573652,False,0.0,Playoff/above-.500 team: score set to 0
2025-26,1610612750,MIN,Minnesota Timberwolves,26.0,56.0,0.5769230769230769,0.6071428571428571,15.0,34.0,82,49.785714285714285,49.0,-0.7857142857142847,-0.030219780219780223,157.80320512820512,163.40897435897435,31.560641025641026,32.68179487179487,4102.883333333333,4248.633333333333,-5.605769230769226,10.590909090909092,11.076923076923077,15.772727272727272,16.807692307692307,20.0,23.0,-0.4860139860139849,-1.0349650349650332,0.7857142857142847,5.605769230769226,-0.4860139860139849,-1.0349650349650332,4.870504495504493,False,0.0,Playoff/above-.500 team: score set to 0
2025-26,1610612748,MIA,Miami Heat,26.0,56.0,0.5384615384615384,0.5178571428571429,14.0,29.0,82,42.464285714285715,43.0,0.5357142857142847,0.02060439560439553,157.8692307692308,151.69567901234566,31.573846153846155,30.339135802469137,4104.6,4095.783333333333,6.173551756885132,10.857142857142858,10.52,14.047619047619047,14.0,20.0,19.0,0.3371428571428581,0.0476190476190474,-0.5357142857142847,-6.173551756885132,0.3371428571428581,0.0476190476190474,-6.324504137837511,False,0.0,Playoff/above-.500 team: score set to 0
2025-26,1610612747,LAL,Los Angeles Lakers,28.0,54.0,0.7142857142857143,0.6111111111111112,20.0,33.0,82,50.111111111111114,53.0,2.8888888888888857,0.10317460317460314,160.93154761904762,156.0753086419753,32.18630952380952,31.215061728395064,4506.083333333333,4214.033333333334,4.856238977072309,10.818181818181818,10.86,16.136363636363637,16.34,23.0,22.0,-0.041818181818181,-0.2036363636363631,-2.8888888888888857,-4.856238977072309,-0.041818181818181,-0.2036363636363631,-7.990582411415739,False,0.0,Playoff/above-.500 team: score set to 0
2025-26,1610612752,NYK,New York Knicks,27.0,55.0,0.6666666666666666,0.6363636363636364,18.0,35.0,82,52.18181818181818,53.0,0.8181818181818201,0.030303030303030276,160.308024691358,163.01923076923077,32.06160493827161,32.60384615384616,4328.316666666667,4238.5,-2.71120607787276,11.4,11.36,15.6,17.12,20.0,23.0,0.0400000000000009,-1.5200000000000014,-0.8181818181818201,2.71120607787276,0.0400000000000009,-1.5200000000000014,0.4130242596909395,False,0.0,Playoff/above-.500 team: score set to 0
2025-26,1610612755,PHI,Philadelphia 76ers,28.0,54.0,0.5357142857142857,0.5555555555555556,15.0,30.0,82,45.55555555555556,45.0,-0.5555555555555571,-0.019841269841269882,157.4654761904762,170.66153846153844,31.49309523809524,34.13230769230769,4409.033333333334,4437.2,-13.196062271062232,10.916666666666666,10.352941176470589,14.083333333333334,15.568627450980392,17.0,20.0,0.5637254901960773,-1.485294117647058,0.5555555555555571,13.196062271062232,0.5637254901960773,-1.485294117647058,12.830049199166808,False,0.0,Playoff/above-.500 team: score set to 0
2025-26,1610612756,PHX,Phoenix Suns,27.0,55.0,0.4814814814814814,0.5818181818181818,13.0,32.0,82,47.709090909090904,45.0,-2.7090909090909037,-0.10033670033670039,151.7253086419753,149.1974358974359,30.34506172839506,29.83948717948718,4096.583333333333,3879.133333333333,2.527872744539394,11.0,11.215686274509803,16.833333333333332,15.745098039215684,23.0,22.0,-0.2156862745098031,1.0882352941176467,2.7090909090909037,-2.527872744539394,-0.2156862745098031,1.0882352941176467,1.0537671841593532,False,0.0,Playoff/above-.500 team: score set to 0
2025-26,1610612757,POR,Portland Trail Blazers,26.0,56.0,0.5769230769230769,0.4821428571428571,15.0,27.0,82,39.535714285714285,42.0,2.4642857142857153,0.09478021978021978,154.29807692307693,154.30384615384617,30.859615384615385,30.860769230769236,4011.75,4011.9,-0.005769230769232,11.352941176470589,10.588235294117649,17.470588235294116,19.90196078431373,23.0,26.0,0.764705882352942,-2.43137254901961,-2.4642857142857153,0.005769230769232,0.764705882352942,-2.43137254901961,-4.125183150183151,True,0.0,Included in tanking score
2025-26,1610612753,ORL,Orlando Magic,29.0,53.0,0.5862068965517241,0.5283018867924528,17.0,28.0,82,43.320754716981135,45.0,1.679245283018865,0.057905009759271264,157.83850574712645,162.91014492753624,31.56770114942529,32.58202898550725,4577.316666666667,3746.933333333333,-5.07163918040979,11.05,11.07843137254902,15.5,15.431372549019608,19.0,23.0,-0.0284313725490186,0.0686274509803919,-1.679245283018865,5.07163918040979,-0.0284313725490186,0.0686274509803919,3.4325899758222977,False,0.0,Playoff/above-.500 team: score set to 0
2025-26,1610612758,SAC,Sacramento Kings,26.0,56.0,0.3846153846153846,0.2142857142857142,10.0,12.0,82,17.571428571428562,22.0,4.428571428571438,0.1703296703296704,161.70961538461538,153.3993827160494,32.341923076923074,30.67987654320988,4204.45,4141.783333333334,8.310232668565988,9.476190476190476,10.115384615384617,13.80952380952381,15.288461538461538,17.0,23.0,-0.6391941391941387,-1.478937728937728,-4.428571428571438,-8.310232668565988,-0.6391941391941387,-1.478937728937728,-14.856935965269292,True,0.0,Included in tanking score
2025-26,1610612759,SAS,San Antonio Spurs,28.0,54.0,0.8571428571428571,0.7037037037037037,24.0,38.0,82,57.7037037037037,62.0,4.296296296296298,0.15343915343915338,146.11607142857142,151.468,29.223214285714285,30.2936,4091.25,3786.7,-5.351928571428573,11.73913043478261,11.254901960784316,17.608695652173914,19.647058823529413,23.0,26.0,0.4842284739982947,-2.038363171355499,-4.296296296296298,5.351928571428573,0.4842284739982947,-2.038363171355499,-0.498502422224929,False,0.0,Playoff/above-.500 team: score set to 0
2025-26,1610612761,TOR,Toronto Raptors,27.0,55.0,0.5185185185185185,0.5818181818181818,14.0,32.0,82,47.709090909090904,46.0,-1.7090909090909037,-0.0632996632996633,154.53580246913577,161.19236111111113,30.90716049382716,32.23847222222222,4172.466666666666,3868.616666666667,-6.656558641975352,12.173913043478262,11.117647058823527,18.956521739130437,19.666666666666668,24.0,28.0,1.0562659846547326,-0.7101449275362341,1.7090909090909037,6.656558641975352,1.0562659846547326,-0.7101449275362341,8.711770608184754,False,0.0,Playoff/above-.500 team: score set to 0
2025-26,1610612760,OKC,Oklahoma City Thunder,26.0,56.0,0.8461538461538461,0.75,22.0,42.0,82,61.5,64.0,2.5,0.09615384615384615,147.01858974358976,151.04444444444445,29.40371794871795,30.20888888888889,3822.4833333333336,4078.2,-4.025854700854694,11.65,11.03921568627451,17.5,17.784313725490197,27.0,26.0,0.6107843137254907,-0.2843137254901968,-2.5,4.025854700854694,0.6107843137254907,-0.2843137254901968,1.852325289089988,False,0.0,Playoff/above-.500 team: score set to 0
2025-26,1610612762,UTA,Utah Jazz,26.0,56.0,0.1538461538461538,0.3214285714285714,4.0,18.0,82,26.357142857142854,22.0,-4.357142857142854,-0.1675824175824176,162.4551282051282,156.9604938271605,32.49102564102564,31.3920987654321,4223.833333333333,4237.933333333333,5.494634377967714,9.2,10.288461538461538,13.95,15.961538461538462,20.0,25.0,-1.088461538461539,-2.0115384615384624,4.357142857142854,-5.494634377967714,-1.088461538461539,-2.0115384615384624,-4.237491520824861,True,0.0,Included in tanking score
2025-26,1610612763,MEM,Memphis Grizzlies,29.0,53.0,0.1724137931034483,0.3773584905660377,5.0,20.0,82,30.943396226415093,25.0,-5.943396226415093,-0.20494469746258942,147.10172413793103,141.81811594202898,29.42034482758621,28.3636231884058,4265.95,3261.8166666666666,5.283608195902048,9.666666666666666,10.666666666666666,13.27777777777778,16.5,21.0,28.0,-1.0,-3.222222222222221,5.943396226415093,-5.283608195902048,-1.0,-3.222222222222221,-3.5624341917091766,True,0.0,Included in tanking score
2025-26,1610612764,WAS,Washington Wizards,29.0,53.0,0.1034482758620689,0.2641509433962264,3.0,14.0,82,21.660377358490567,17.0,-4.6603773584905674,-0.16070266753415752,151.22988505747128,149.54,30.24597701149425,29.908,4385.666666666667,3738.5,1.6898850574712867,9.5,11.448979591836734,13.4375,15.26530612244898,18.0,24.0,-1.9489795918367336,-1.82780612244898,4.6603773584905674,-1.6898850574712867,-1.9489795918367336,-1.82780612244898,-0.806293413266433,True,0.0,Included in tanking score
2025-26,1610612765,DET,Detroit Pistons,29.0,53.0,0.6896551724137931,0.7547169811320755,20.0,40.0,82,61.88679245283019,60.0,-1.8867924528301927,-0.06506180871828238,146.65804597701148,141.1927536231884,29.331609195402297,28.238550724637683,4253.083333333333,3247.4333333333334,5.465292353823088,11.818181818181818,11.0625,17.40909090909091,19.604166666666668,29.0,28.0,0.7556818181818183,-2.195075757575758,1.8867924528301927,-5.465292353823088,0.7556818181818183,-2.195075757575758,-5.017893840386835,False,0.0,Playoff/above-.500 team: score set to 0
